"";"V1";"V2";"V3";"V4";"V5";"V6";"V7";"V8";"V9";"V10"
"1";"Fisker SG";"something SG";"NOBITA SG";"Vici SG";"Misaya SG";"oitaN IGZ";"Norisen IGZ";"thiefy IGZ";"RIPablo IGZ";"GangPin IGZ"
"2";"Minimise 95x";"WAT 95x";"SWERL 95x";"punda 95x";"M1kE 95x";"kwon MEC";"azuliate MEC";"DARK MEC";"Blessed MEC";"loubert MEC"
"3";"Deryeon BLD";"JayH BLD";"Juicy BLD";"crazyguy BLD";"sScary BLD";"SHINSEI LVR";"bryce LVR";"Maxxyy LVR";"Reverie LVR";"RedKoh LVR"
"4";"JA NAOS";"Witz NAOS";"Mojer NAOS";"NDG NAOS";"PapiChulo NAOS";"Owen q t GLAB";"FallX GLAB";"Boogeyyy GLAB";"Chaze GLAB";"Dr1ch GLAB"
"5";"Eren NTER";"AC NTER";"Spring NTER";"York NTER";"B3Ar NTER";"LuoK1ng KONE";"Knight KONE";"Ninebody KONE";"Yosemite KONE";"sword9 KONE"
"6";"ICEKING TTG";"Flex1n TTG";"FengF TTG";"You TTG";"heybay TTG";"Life ASE";"bunt ASE";"YHchen ASE";"monk ASE";"hfmi0dzjc9z7 ASE"
"7";"vex KTS";"iBrocky KTS";"Noir KTS";"Ryu KTS";"Lomu KTS";"signed HB";"xue HB";"MaiShiu HB";"Noobster HB";"MirzAA HB"
"8";"no1syboy ARF";"mikalulba ARF";"Nay ARF";"vascalizz ARF";"Lilo ARF";"da1zzie HZE.A";"Saivon HZE.A";"AmerNone HZE.A";"Kafka HZE.A";"Nythan HZE.A"
"9";"r3ason GD";"aRThiT GD";"zwan GD";"SPINO GD";"Rhytax GD";"SoCoolSoDa THA";"CheR0Z THA";"JAIGRAYRAY THA";"slash THA";"LoRangeZ THA"
"10";"jeed TDK";"subbey TDK";"FrostyZ TDK";"kael TDK";"aduka TDK";"Riza KZ";"Shun KZ";"kimmy KZ";"Flaring KZ";"DxN KZ"
"11";"Wild0reoo OAS";"Draxii OAS";"Nexi OAS";"xavi8k OAS";"Georggyyy OAS";"Ninitups PUG";"Blixerino PUG";"Lostboy PUG";"walk on water PUG";"Chongi PUG"
"12";"Redneval 3T";"Hyzee 3T";"viness 3T";"beo 3T";"Daicute 3T";"YESicaN FCY";"f1cio FCY";"WUKONG FCY";"gin FCY";"n1zzy FCY"
"13";"Nakya AE";"adrnking AE";"deLb AE";"natz AE";"Kush AE";"NcSlasher BTR";"ZesBeeW BTR";"sayoo BTR";"frostmind BTR";"m0rea BTR"
"14";"LAMMYSNAX AAA";"ChAlalala AAA";"Potter AAA";"basbabe AAA";"Raigard AAA";"Surf XIA";"LBY XIA";"bnw XIA";"RoLEX XIA";"aLerT XIA"
"15";"Xdll FL";"SyouTa FL";"CLZ FL";"JoXJo FL";"hiroronn FL";"TenTen NTH";"BlackWiz NTH";"Derialy NTH";"Moothie NTH";"Maufin NTH"
"16";"NterGreen STPL";"rAb1q STPL";"NyoZ STPL";"roud STPL";"yZkA1 STPL";"ChiaWei ONE";"Rainy ONE";"XiaoShi77 ONE";"W1nner ONE";"XyuS ONE"
"17";"DaFt VIC";"1ccug VIC";"Real8 VIC";"sayo VIC";"NhatUyen VIC";"Juu 2K";"Kong 2K";"Solazet 2K";"vers4ce 2K";"Hyelll 2K"
"18";"GGHuiii OF";"CHIMEI OF";"hypathor OF";"coconut OF";"Kiuuuu OF";"jkuro AEEC";"Sing AEEC";"FLoydQ AEEC";"trinity AEEC";"PPD AEEC"
"19";"zePiCzz IGW";"s2newb IGW";"HolyM0Ly IGW";"Tenshi IGW";"Lew IGW";"kamo GTZ";"k1zpawn GTZ";"OLIZERA GTZ";"starkk GTZ";"RobbieBk GTZ"
"20";"gmA PNT";"PLUCKZ PNT";"Ptf0x PNT";"fekz PNT";"weel PNT";"Aqua EX0";"symoN EX0";"Akira EX0";"Fragger EX0";"mochi EX0"
"21";"aztex FTW";"Dolfo FTW";"sww FTW";"SHADOWMIGLITO FTW";"furyan FTW";"VTaguT 14VK";"GrTw 14VK";"brk 14VK";"KenzmPs 14VK";"Ds 14VK"
"22";"s0m NRG";"ardiis NRG";"crashies NRG";"Victor NRG";"FNS NRG";"tuyz LOUD";"aspas LOUD";"saadhak LOUD";"cauanzin LOUD";"Less LOUD"
"23";"Phatt EGN";"Eso177 EGN";"silenttt EGN";"Dext EGN";"fainz EGN";"tomaszy SAW";"Addicted SAW";"DaviH SAW";"Bati SAW";"Fizzy SAW"
"24";"MaKo DRX";"stax DRX";"BuZz DRX";"Zest DRX";"Rb DRX";"foxz TLN";"Sushiboys TLN";"garnetS TLN";"Crws TLN";"JitBoyS TLN"
"25";"makiba CR";"popogachi CR";"neth CR";"Meiy CR";"Medusa CR";"Yoshiii SZ";"Kr1stal SZ";"Zennakukin SZ";"TORANECO SZ";"Jemkin SZ"
"26";"something SG";"Misaya SG";"Vici SG";"Fisker SG";"NOBITA SG";"SyouTa FL";"JoXJo FL";"Xdll FL";"hiroronn FL";"CLZ FL"
"27";"w0zzip FB";"Mykoz FB";"ip0TT FB";"Best FB";"Padisah FB";"yetujey FF";"DESTRUCT1VEE FF";"SasuKe FF";"Wo0t FF";"WerlasS FF"
"28";"lurzy0y0 TBG";"VPNCNP TBG";"YANKAS TBG";"jonx TBG";"DubzWoW TBG";"Jlerst PRL";"lauress PRL";"Ruxic PRL";"jeyj7y PRL";"sociablEE PRL"
"29";"ease CASE";"Yurii CASE";"roxie CASE";"Kiles CASE";"MiniBoo CASE";"Daniel0 AYM";"mrcarrito AYM";"PHYRN AYM";"MikaEl AYM";"Chechuu AYM"
"30";"eXerZ FAL";"KILLDREAM FAL";"synsi FAL";"Guardy FAL";"circu FAL";"shéd RBT";"Rexs RBT";"l0udly RBT";"zedt RBT";"VARES RBT"
"31";"L1NK LPB";"vong LPB";"KRAY LPB";"Luzuh LPB";"Russ LPB";"Mistic APK";"MAGNUM APK";"Enzo APK";"Keiko APK";"ShadoW APK"
"32";"CyvOph VLNT";"Jesse VLNT";"Sacake VLNT";"NeskaaS VLNT";"LeeN VLNT";"Jakexd BGN";"KONEQT BGN";"TiduS BGN";"OniBy BGN";"Ooriime BGN"
"33";"YuNo UCAM";"iDex UCAM";"Famsii UCAM";"Quick UCAM";"Flickless UCAM";"lowel TQ";"neptuNo TQ";"H1ber TQ";"PoPiFresH TQ";"UNFAKE TQ"
"34";"m1tez WLG";"fanboy WLG";"Cookiee WLG";"Redwesty WLG";"syyse WLG";"EduCoz QLSH";"LOMBA QLSH";"SparkeR QLSH";"soRa QLSH";"rhagee QLSH"
"35";"SoOn JL";"Killu JL";"MARCTYLINHO JL";"rodeN JL";"YAYAX JL";"FoxieGG WYL";"MAGiK WYL";"hype WYL";"Sevire WYL";"hiro WYL"
"36";"RieNs S2G";"reazy S2G";"AslaN S2G";"pAura S2G";"russ S2G";"DeepMans DATH";"Masic DATH";"skylen DATH";"XiSTOU DATH";"cacan DATH"
"37";"B1SK KPI";"jonba KPI";"Insider KPI";"shhhack KPI";"kyrrz KPI";"dimaxx MRS";"Navarrete MRS";"Nixerino MRS";"Vinice MRS";"saiko MRS"
"38";"basya AXL";"Reason AXL";"SummonHalfa AXL";"Limp AXL";"Morphiius AXL";"marteen GMT";"AFoxx GMT";"HearthBeat GMT";"bipo GMT";"N A I S GMT"
"39";"Wailers SBG";"logaN SBG";"beyAz SBG";"TakaS SBG";"nataNk SBG";"Dawn 3D";"blitzeN 3D";"Yotaa 3D";"MateliaN 3D";"Kiiyo 3D"
"40";"maniek ZETA";"krysyS ZETA";"Buld ZETA";"Saiz ZETA";"bbreakG ZETA";"vo0kashu RBLS";"GatsH RBLS";"humanz RBLS";"DRK RBLS";"hastack RBLS"
"41";"Eso177 EGN";"Phatt EGN";"silenttt EGN";"fainz EGN";"Dext EGN";"kamo GTZ";"OLIZERA GTZ";"k1zpawn GTZ";"starkk GTZ";"RobbieBk GTZ"
"42";NA;NA;NA;NA;NA;NA;NA;NA;NA;NA
"43";"memset HEET";"b2kk HEET";"Kinguyen HEET";"waddle HEET";"Monstrum HEET";"HyP MDR";"Goaster MDR";"AKUMAAAAA MDR";"kAdavra MDR";"thebigfiz MDR"
"44";"DrastZ MCK";"Alan MCK";"Z3RO MCK";"mass3R MCK";"Byron MCK";"wackie DSY";"caydeN DSY";"xazyy DSY";"Tag DSY";"feqew DSY"
"45";"DaviH SAW";"tomaszy SAW";"Addicted SAW";"Bati SAW";"Fizzy SAW";"KenzmPs 14VK";"VTaguT 14VK";"Ds 14VK";"brk 14VK";"GrTw 14VK"
"46";"DarkLight ZER";"Mercure ZER";"Babax ZER";"Veqaj ZER";"lux9 ZER";"Nayte BLX";"q BLX";"MaximN BLX";"Alyx BLX";"ri4d BLX"
"47";"Lew IGW";"HolyM0Ly IGW";"s2newb IGW";"zePiCzz IGW";"Tenshi IGW";"mochi EX0";"Fragger EX0";"Aqua EX0";"symoN EX0";"Akira EX0"
"48";"weel PNT";"stoiko PNT";"gmA PNT";"TOTA PNT";"Ptf0x PNT";"furyan FTW";"Dolfo FTW";"SHADOWMIGLITO FTW";"sww FTW";"aztex FTW"
"49";"fzkk ODK";"bld ODK";"jacobin ODK";"Tisora ODK";"fznnn ODK";"xenom CAOS";"Brinks CAOS";"cortezia CAOS";"mNdS CAOS";"v1nny CAOS"
"50";"Lizhi O3O";"XiMiLu O3O";"Yusin O3O";"WawaLee O3O";"Nico O3O";"KOKXK DDT";"N1God DDT";"Aspass1eva DDT";"Hope DDT";"KOTAKOTA DDT"
"51";"SasuKe FF";"DESTRUCT1VEE FF";"yetujey FF";"Wo0t FF";"WerlasS FF";"mini IWC";"hatex IWC";"7ssk7 IWC";"braveaf IWC";"Anima IWC"
"52";"ip0TT FB";"w0zzip FB";"Mykoz FB";"Padisah FB";"4woodanet FB";"Izzy SUP";"Burzzy SUP";"Elite SUP";"CyderX SUP";"sterben SUP"
"53";"mrcarrito AYM";"Daniel0 AYM";"MikaEl AYM";"PHYRN AYM";"Chechuu AYM";"Buld ZETA";"maniek ZETA";"Saiz ZETA";"krysyS ZETA";"bbreakG ZETA"
"54";"Rexs RBT";"l0udly RBT";"VARES RBT";"shéd RBT";"zedt RBT";"Famsii UCAM";"Quick UCAM";"Flickless UCAM";"iDex UCAM";"YuNo UCAM"
"55";"blitzeN 3D";"Yotaa 3D";"Kiiyo 3D";"MateliaN 3D";"Dawn 3D";"Nayte BLX";"MaximN BLX";"Alyx BLX";"ri4d BLX";"q BLX"
"56";"UNFAKE TQ";"lowel TQ";"neptuNo TQ";"H1ber TQ";"PoPiFresH TQ";"KILLDREAM FAL";"eXerZ FAL";"Guardy FAL";"synsi FAL";"circu FAL"
"57";"lux9 ZER";"DarkLight ZER";"Veqaj ZER";"Mercure ZER";"Babax ZER";"OniBy BGN";"TiduS BGN";"Jakexd BGN";"KONEQT BGN";"Ooriime BGN"
"58";"cacan DATH";"skylen DATH";"DeepMans DATH";"XiSTOU DATH";"Masic DATH";"Docent GSE";"Touven GSE";"MerSa GSE";"Celasun GSE";"DeadInk GSE"
"59";"Vinice MRS";"Navarrete MRS";"Nixerino MRS";"dimaxx MRS";"saiko MRS";"jannyXD RBLS";"vo0kashu RBLS";"humanz RBLS";"hastack RBLS";"DRK RBLS"
"60";"nataNk SBG";"Wailers SBG";"TakaS SBG";"logaN SBG";"beyAz SBG";"Kinguyen HEET";"waddle HEET";"memset HEET";"Monstrum HEET";"b2kk HEET"
"61";"ease CASE";"Kiles CASE";"Yurii CASE";"MiniBoo CASE";"roxie CASE";"kyrrz KPI";"shhhack KPI";"jonba KPI";"B1SK KPI";"Insider KPI"
"62";"guuih LBR";"Zanatsu LBR";"pepa LBR";"tockers LBR";"duhT LBR";"ryotzz TBK";"matheuzin TBK";"chase TBK";"deNaro TBK";"luk TBK"
"63";"YAYAX JL";"Killu JL";"MARCTYLINHO JL";"SoOn JL";"rodeN JL";"Goaster MDR";"AKUMAAAAA MDR";"kAdavra MDR";"thebigfiz MDR";"HyP MDR"
"64";"CyvOph VLNT";"NeskaaS VLNT";"Sacake VLNT";"LeeN VLNT";"Jesse VLNT";"FoxieGG WYL";"Sevire WYL";"hiro WYL";"hype WYL";"MAGiK WYL"
"65";"RND RED";"gtn RED";"Leozin RED";"CTC RED";"gaabxx RED";"GuhRVN UNI";"havoc UNI";"ntk UNI";"pancc UNI";"raafa UNI"
"66";"N1God DDT";"KOTAKOTA DDT";"Hope DDT";"KOKXK DDT";"Aspass1eva DDT";"You TTG";"Flex1n TTG";"heybay TTG";"ICEKING TTG";"FengF TTG"
"67";"Asaylo KPG";"INVINCIBLE KPG";"959y KPG";"008 KPG";"FZZZZZ KPG";"Revival NOP";"Star1og NOP";"Neal X NOP";"企业级枪男秦大河 NOP";"Aowha NOP"
"68";"BeYN MARU";"HANN MARU";"Hermes MARU";"Felix MARU";"Persia MARU";"JinboongE RIO";"SungJin RIO";"LuZ RIO";"Sunday RIO";"SeliG RIO"
"69";"exy DK";"Lakia DK";"allow DK";"Estrella DK";"Esperanza DK";"stew GJS";"yoman GJS";"empty GJS";"Banger GJS";"Wolverine GJS"
"70";"point7 DRG";"biankk DRG";"maizi DRG";"BEWATER DRG";"acc DRG";"JXR NWG";"GlXad NWG";"Zero1 NWG";"9st NWG";"MiLuan NWG"
"71";"Lixinchen KZ";"veteraN KZ";"Time KZ";"komaeda KZ";"Libra KZ";"8luA ME";"FFs ME";"Cyah6 ME";"Pinklove ME";"Link ME"
"72";"Redgar TL";"Sayf TL";"nAts TL";"Jamppi TL";"soulcas TL";"invy TS";"JessieVash TS";"DubsteP TS";"BORKUM TS";"Jremy TS"
"73";"LOMBA QLSH";"EduCoz QLSH";"soRa QLSH";"SparkeR QLSH";"rhagee QLSH";"N A I S GMT";"marteen GMT";"HearthBeat GMT";"AFoxx GMT";"bipo GMT"
"74";"Byron MCK";"Z3RO MCK";"mass3R MCK";"Alan MCK";"DrastZ MCK";"Limp AXL";"SummonHalfa AXL";"basya AXL";"Morphiius AXL";"Reason AXL"
"75";"Zyppan NAVI";"ANGE1 NAVI";"Shao NAVI";"cNed NAVI";"SUYGETSU NAVI";"axeddy KRÜ";"xand KRÜ";"NagZ KRÜ";"DaveeyS KRÜ";"Melser KRÜ"
"76";"Dep ZETA";"SugarZ3ro ZETA";"Laz ZETA";"TENNN ZETA";"crow ZETA";"Mazino LEV";"Shyy LEV";"kiNgg LEV";"Tacolilla LEV";"nzr LEV"
"77";"Spitfires RA";"Viva RA";"YiHao RA";"Septem7 RA";"dxy RA";"WEIRDO TYL";"ColdFish TYL";"K1te TYL";"MUTE TYL";"TryTry TYL"
"78";"Persia MARU";"BeYN MARU";"Felix MARU";"HANN MARU";"Hermes MARU";"exy DK";"allow DK";"Lakia DK";"Estrella DK";"Esperanza DK"
"79";"Chrysania X10";"nephh X10";"Egoist X10";"Tempz X10";"Vera X10";"Reverie LVR";"Maxxyy LVR";"RedKoh LVR";"SHINSEI LVR";"bryce LVR"
"80";"moefcute LAZY";"Akashi LAZY";"Acerola LAZY";"nTK LAZY";"ducT LAZY";"Hyelll 2K";"Kong 2K";"Juu 2K";"Solazet 2K";"vers4ce 2K"
"81";"WerlasS FF";"yetujey FF";"SasuKe FF";"Wo0t FF";"DESTRUCT1VEE FF";"Baransel GAL";"sturNN GAL";"musz3kk GAL";"Lanky GAL";"glovee GAL"
"82";"nos 4AM";"Bing9z 4AM";"9mkk 4AM";"Strawberrycc 4AM";"Sui 4AM";"Lyy iNv";"brax iNv";"Miracle iNv";"Artill iNv";"Edge1337 iNv"
"83";"SiuFatBB GFN";"sora GFN";"YRSelect GFN";"LockM GFN";"Fung3 GFN";"Death01 LP33";"Aclx LP33";"TvirusLuke LP33";"maou LP33";"Nicc LP33"
"84";"Daicute 3T";"beo 3T";"viness 3T";"Hyzee 3T";"Redneval 3T";"d0rf BAAM";"Layla BAAM";"ViV BAAM";"Nhatthong2k BAAM";"P1nA2k4 BAAM"
"85";"crazyguy BLD";"Deryeon BLD";"sScary BLD";"Juicy BLD";"JayH BLD";"Boogie PATH";"toggle PATH";"kye PATH";"SAGE PATH";"Wrath PATH"
"86";"sociablEE PRL";"lauress PRL";"jeyj7y PRL";"Ruxic PRL";"Jlerst PRL";"pAura S2G";"russ S2G";"reazy S2G";"AslaN S2G";"RieNs S2G"
"87";"Babyblue GA";"yTao GA";"Sunshine GA";"Solis GA";"P1n GA";"Rainy ONE";"ChiaWei ONE";"XyuS ONE";"SunfaN ONE";"W1nner ONE"
"88";"Twisten VIT";"Destrian VIT";"ceNder VIT";"MOLSI VIT";"BONECOLD VIT";"Bazzi GES";"AYRIN GES";"Monyet GES";"t3xture GES";"SkRossi GES"
"89";"qw1 FUT";"MrFaliN FUT";"MOJJ FUT";"AtaKaptan FUT";"qRaxs FUT";"xffero RRQ";"Emman RRQ";"Lmemore RRQ";"EJAY RRQ";"fl1pzjder RRQ"
"90";"stellar 100T";"Derrek 100T";"bang 100T";"Cryocells 100T";"Asuna 100T";"CHICHOO EDG";"ZmjjKK EDG";"nobody EDG";"Smoggy EDG";"Haodong EDG"
"91";"ICEKING TTG";"You TTG";"heybay TTG";"FengF TTG";"Flex1n TTG";"Neal X NOP";"Aowha NOP";"Star1og NOP";"Revival NOP";"企业级枪男秦大河 NOP"
"92";"PatMen NCG";"ZYND NCG";"Myd Mathers NCG";"senyorcarL NCG";"MaxC NCG";"Rabbet SKYE";"eugeneS SKYE";"kellyS SKYE";"Aryu SKYE";"d1srupt SKYE"
"93";"GlXad NWG";"Zero1 NWG";"MiLuan NWG";"9st NWG";"JXR NWG";"FFs ME";"Link ME";"Cyah6 ME";"Pinklove ME";"8luA ME"
"94";"JinboongE RIO";"Sunday RIO";"LuZ RIO";"SungJin RIO";"SeliG RIO";"allow DK";"Esperanza DK";"Lakia DK";"exy DK";"Estrella DK"
"95";"aduka TDK";"kael TDK";"jeed TDK";"FrostyZ TDK";"subbey TDK";"STYRON ENGM";"Xan ENGM";"artn ENGM";"Divine ENGM";"FREY ENGM"
"96";"Luwei AxX";"LilCrazy AxX";"N11 AxX";"edw1N AxX";"Ezw1n AxX";"PPD AEEC";"trinity AEEC";"Sing AEEC";"jkuro AEEC";"FLoydQ AEEC"
"97";"micr0 APH";"blurred APH";"Kevzii APH";"Derek APH";"Yanagi APH";"vblack ABA";"Hydra ABA";"exotic ABA";"slathom999 ABA";"Rababz ABA"
"98";"Son Keke MKG";"Ko0 MKG";"Brownie Phan MKG";"Tu KeKe MKG";"16Ch0ps MKG";"WUKONG FCY";"YESicaN FCY";"n1zzy FCY";"f1cio FCY";"gin FCY"
"99";"7ssk7 IWC";"hatex IWC";"Anima IWC";"braveaf IWC";"mini IWC";"sociablEE PRL";"Jlerst PRL";"Ruxic PRL";"jeyj7y PRL";"lauress PRL"
"100";"Kafka HZE.A";"da1zzie HZE.A";"AmerNone HZE.A";"kuroza HZE.A";"Nythan HZE.A";"adrnking AE";"deLb AE";"natz AE";"Kush AE";"Nakya AE"
"101";"no1syboy ARF";"mikalulba ARF";"Lilo ARF";"vascalizz ARF";"Nay ARF";"Kylee HDE";"zharwow HDE";"Peekaboo HDE";"xyNe HDE";"k1ngkappa HDE"
"102";"WEIRDO TYL";"ColdFish TYL";"TryTry TYL";"MUTE TYL";"K1te TYL";"destroyeR BLG";"whzy BLG";"Web BLG";"rin BLG";"bly BLG"
"103";"VIZSLA WHO";"Zauqk WHO";"BAZZ WHO";"harry WHO";"Cobolt WHO";"DRAGON BOBO";"Crunchy BOBO";"Yifang BOBO";"Nozz BOBO";"rDeeW BOBO"
"104";"yZkA1 STPL";"rAb1q STPL";"NyoZ STPL";"roud STPL";"NterGreen STPL";"GGHuiii OF";"coconut OF";"Kiuuuu OF";"VRI OF";"CHIMEI OF"
"105";"DaFt VIC";"Real8 VIC";"Louboutin VIC";"sayo VIC";"1ccug VIC";"BánhMj LOFI";"Milooo LOFI";"Tzunam LOFI";"Laww LOFI";"XjuMại LOFI"
"106";"dzii HEY";"Brxndon HEY";"shiba HEY";"Retla HEY";"benaf HEY";"Riza KZ";"DxN KZ";"kimmy KZ";"Flaring KZ";"Shun KZ"
"107";"ip0TT FB";"w0zzip FB";"Best FB";"Padisah FB";"Mykoz FB";"Antsy TBG";"YANKAS TBG";"lurzy0y0 TBG";"jonx TBG";"DubzWoW TBG"
"108";"Strawberrycc 4AM";"nos 4AM";"Sui 4AM";"9mkk 4AM";"Bing9z 4AM";"LuoK1ng KONE";"Knight KONE";"sword9 KONE";"Yosemite KONE";"Ninebody KONE"
"109";"TenZ SEN";"Sacy SEN";"pANcada SEN";"zekken SEN";"dephh SEN";"Leo FNC";"Chronicle FNC";"Derke FNC";"Alfajer FNC";"Boaster FNC"
"110";"Sayaplayer T1";"Munchkin T1";"Carpe T1";"ban T1";"xeta T1";"Mazin FUR";"mwzera FUR";"dgzin FUR";"Quick FUR";"Khalil FUR"
"111";"punda 95x";"WAT 95x";"SWERL 95x";"Minimise 95x";"M1kE 95x";"signed HB";"Noobster HB";"MaiShiu HB";"xue HB";"MirzAA HB"
"112";"aduka TDK";"FrostyZ TDK";"subbey TDK";"kael TDK";"jeed TDK";"bryce LVR";"RedKoh LVR";"Maxxyy LVR";"SHINSEI LVR";"Reverie LVR"
"113";"Boogeyyy GLAB";"Dr1ch GLAB";"Chaze GLAB";"Owen q t GLAB";"FallX GLAB";"blurred APH";"Derek APH";"micr0 APH";"Kevzii APH";"Yanagi APH"
"114";"iBrocky KTS";"Noir KTS";"Lomu KTS";"vex KTS";"blobblob KTS";"azuliate MEC";"Blessed MEC";"DARK MEC";"kwon MEC";"loubert MEC"
"115";"FrizzNatsz DEWA";"heyNF DEWA";"klipp DEWA";"P1ERCEE DEWA";"Dragy DEWA";"ValdyN DOM";"r0serade DOM";"OWMEN DOM";"ray4c DOM";"RiseN DOM"
"116";"qqGOD NKT";"siraphop NKT";"MAIROLLS NKT";"Laz NKT";"real NKT";"LAMMYSNAX AAA";"ChAlalala AAA";"Potter AAA";"basbabe AAA";"Raigard AAA"
"117";"JinboongE RIO";"Sunday RIO";"LuZ RIO";"SungJin RIO";"SeliG RIO";"allow DK";"Esperanza DK";"Lakia DK";"exy DK";"Estrella DK"
"118";"kellyS SKYE";"d1srupt SKYE";"Rabbet SKYE";"eugeneS SKYE";"Aryu SKYE";"slathom999 ABA";"exotic ABA";"Rababz ABA";"vblack ABA";"Hydra ABA"
"119";"Mowff MKG";"Tuna MKG";"Tu KeKe MKG";"Son Keke MKG";"Brownie Phan MKG";"Layla BAAM";"d0rf BAAM";"P1nA2k4 BAAM";"ViV BAAM";"Nhatthong2k BAAM"
"120";"lurzy0y0 TBG";"YANKAS TBG";"jonx TBG";"Antsy TBG";"VPNCNP TBG";"Izzy SUP";"Burzzy SUP";"Elite SUP";"CyderX SUP";"sterben SUP"
"121";"Famouz BME";"blaZek1ng BME";"severiNe BME";"Shiro BME";"BerserX BME";"natz AE";"Nakya AE";"Kush AE";"adrnking AE";"deLb AE"
"122";"LoRangeZ THA";"JAIGRAYRAY THA";"SoCoolSoDa THA";"CheR0Z THA";"slash THA";"Surf XIA";"bnw XIA";"aLerT XIA";"LBY XIA";"RoLEX XIA"
"123";"FengF TTG";"ICEKING TTG";"Flex1n TTG";"heybay TTG";"You TTG";"Pinklove ME";"FFs ME";"Link ME";"Cyah6 ME";"8luA ME"
"124";"NterGreen STPL";"NyoZ STPL";"rAb1q STPL";"roud STPL";"yZkA1 STPL";"LilCrazy AxX";"edw1N AxX";"Mamba AxX";"Luwei AxX";"N11 AxX"
"125";"Hyelll 2K";"Juu 2K";"Kong 2K";"vers4ce 2K";"Solazet 2K";"n1zzy FCY";"WUKONG FCY";"YESicaN FCY";"gin FCY";"f1cio FCY"
"126";"mini IWC";"hatex IWC";"Anima IWC";"7ssk7 IWC";"braveaf IWC";"AslaN S2G";"RieNs S2G";"reazy S2G";"pAura S2G";"russ S2G"
"127";"ColdFish TYL";"WEIRDO TYL";"K1te TYL";"MUTE TYL";"TryTry TYL";"Ninebody KONE";"sword9 KONE";"Yosemite KONE";"LuoK1ng KONE";"Knight KONE"
"128";"JessieVash TS";"BORKUM TS";"Jremy TS";"invy TS";"DubsteP TS";"Shao NAVI";"cNed NAVI";"SUYGETSU NAVI";"Zyppan NAVI";"ANGE1 NAVI"
"129";"kiNgg LEV";"Shyy LEV";"Tacolilla LEV";"Mazino LEV";"nzr LEV";"MOLSI VIT";"Twisten VIT";"ceNder VIT";"BONECOLD VIT";"Destrian VIT"
"130";"Fweshest FC";"LEW FC";"andy FC";"Arken FC";"skrawl FC";"Nozz BOBO";"DRAGON BOBO";"rDeeW BOBO";"Crunchy BOBO";"pl1xx BOBO"
"131";"Tempz X10";"Egoist X10";"Chrysania X10";"Vera X10";"nephh X10";"Boogie PATH";"kye PATH";"SAGE PATH";"toggle PATH";"Wrath PATH"
"132";"SecondLove PUG";"Ninitups PUG";"Blixerino PUG";"Lostboy PUG";"Chongi PUG";"PapiChulo NAOS";"NDG NAOS";"Mojer NAOS";"JA NAOS";"Witz NAOS"
"133";"FengF TTG";"Flex1n TTG";"ICEKING TTG";"You TTG";"heybay TTG";"LuoK1ng KONE";"Yosemite KONE";"Knight KONE";"sword9 KONE";"Ninebody KONE"
"134";"Zauqk WHO";"VIZSLA WHO";"harry WHO";"Cobolt WHO";"BAZZ WHO";"FETA NXG";"MILKY NXG";"McKinley NXG";"BiggieCheese NXG";"Sinaway NXG"
"135";"zharwow HDE";"Peekaboo HDE";"xyNe HDE";"k1ngkappa HDE";"Kylee HDE";"Dragy DEWA";"klipp DEWA";"heyNF DEWA";"FrizzNatsz DEWA";"P1ERCEE DEWA"
"136";"Acetics SPE";"Changee SPE";"PinOcchiOs SPE";"Leviathan SPE";"Chainyyy SPE";"JohnOlsen FS";"Apinya FS";"Fluky FS";"Teerapong FS";"THEE FS"
"137";"JayH BLD";"Juicy BLD";"crazyguy BLD";"sScary BLD";"Deryeon BLD";"Retla HEY";"Brxndon HEY";"dzii HEY";"shiba HEY";"benaf HEY"
"138";"maou LP33";"Death01 LP33";"Aclx LP33";"Nicc LP33";"TvirusLuke LP33";"jkuro AEEC";"PPD AEEC";"trinity AEEC";"Sing AEEC";"FLoydQ AEEC"
"139";"ZYND NCG";"Myd Mathers NCG";"senyorcarL NCG";"gnaru NCG";"MaxC NCG";"Draxii OAS";"Wild0reoo OAS";"xavi8k OAS";"Georggyyy OAS";"Nexi OAS"
"140";"DaFt VIC";"Real8 VIC";"sayo VIC";"jerry VIC";"Louboutin VIC";"nTK LAZY";"Acerola LAZY";"ducT LAZY";"Akashi LAZY";"moefcute LAZY"
"141";"RieNs S2G";"russ S2G";"AslaN S2G";"reazy S2G";"pAura S2G";"ip0TT FB";"Padisah FB";"Best FB";"Mykoz FB";"w0zzip FB"
"142";"ZesBeeW BTR";"m0rea BTR";"NcSlasher BTR";"sayoo BTR";"frostmind BTR";"blaZek1ng BME";"severiNe BME";"Famouz BME";"Shiro BME";"BerserX BME"
"143";"zwan GD";"Rhytax GD";"SPINO GD";"aRThiT GD";"r3ason GD";"Kadoom MiTH";"b3ta MiTH";"kongared MiTH";"PTC MiTH";"AloNeFillz MiTH"
"144";"Cyah6 ME";"FFs ME";"8luA ME";"Link ME";"Pinklove ME";"ColdFish TYL";"TryTry TYL";"WEIRDO TYL";"K1te TYL";"MUTE TYL"
"145";"Obnoks MOUZ";"Filu MOUZ";"iluri MOUZ";"al0rante MOUZ";"murii MOUZ";"Louitan AT";"eNes AT";"ngiN AT";"HyDrO AT";"jurca AT"
"146";"Fung3 GFN";"SiuFatBB GFN";"sora GFN";"YRSelect GFN";"LockM GFN";"W1nner ONE";"ChiaWei ONE";"Rainy ONE";"XyuS ONE";"XiaoShi77 ONE"
"147";"Daicute 3T";"beo 3T";"Redneval 3T";"viness 3T";"Hyzee 3T";"Tzunam LOFI";"BánhMj LOFI";"XjuMại LOFI";"Milooo LOFI";"Pxmihlog LOFI"
"148";"starki CGN";"elllement CGN";"azury CGN";"BennY CGN";"Shazeon CGN";"Luc1d UOL";"canefis UOL";"Treelover UOL";"nico UOL";"eleo UOL"
"149";"sociablEE PRL";"lauress PRL";"Ruxic PRL";"Jlerst PRL";"jeyj7y PRL";"musz3kk GAL";"Lanky GAL";"sturNN GAL";"glovee GAL";"Baransel GAL"
"150";"KenzmPs 14VK";"VTaguT 14VK";"Ds 14VK";"brk 14VK";"GrTw 14VK";"Eso177 EGN";"silenttt EGN";"Phatt EGN";"fainz EGN";"Dext EGN"
"151";"qw1 FUT";"MOJJ FUT";"MrFaliN FUT";"qRaxs FUT";"AtaKaptan FUT";"Asuna 100T";"bang 100T";"Derrek 100T";"Cryocells 100T";"stellar 100T"
"152";"Chronicle FNC";"Leo FNC";"Derke FNC";"Alfajer FNC";"Boaster FNC";"mwzera FUR";"dgzin FUR";"Khalil FUR";"Quick FUR";"Mazin FUR"
"153";"Shao NAVI";"SUYGETSU NAVI";"ANGE1 NAVI";"cNed NAVI";"Zyppan NAVI";"Shyy LEV";"Tacolilla LEV";"nzr LEV";"kiNgg LEV";"Mazino LEV"
"154";"Asuna 100T";"Cryocells 100T";"stellar 100T";"Derrek 100T";"bang 100T";"Leo FNC";"Chronicle FNC";"Derke FNC";"Boaster FNC";"Alfajer FNC"
"155";"trent TGRD";"neT TGRD";"JonahP TGRD";"tex TGRD";"valyn TGRD";"NaturE TSM";"Kanpeki TSM";"gMd TSM";"corey TSM";"seven TSM"
"156";"flyuh MxM";"brawk MxM";"sym MxM";"thief MxM";"aproto MxM";"WeDid TTR";"TiGG TTR";"Governor TTR";"Add3r TTR";"mummAy TTR"
"157";"Guran DYG";"yyy DYG";"Rest1a DYG";"gagaaaa DYG";"huNter DYG";"Lyu JT";"Shr1mp JT";"0n1y JT";"XJian JT";"Leon JT"
"158";"XiMiLu O3O";"Yusin O3O";"Lizhi O3O";"Nico O3O";"WawaLee O3O";"YuKai TJD";"YanYe TJD";"XIao5 TJD";"zaner TJD";"daft TJD"
"159";"braveaf IWC";"mini IWC";"Anima IWC";"hatex IWC";"7ssk7 IWC";"Masic DATH";"DeepMans DATH";"skylen DATH";"KILICARSLAN DATH";"cacan DATH"
"160";"Wo0t FF";"DESTRUCT1VEE FF";"SasuKe FF";"WerlasS FF";"yetujey FF";"sterben SUP";"Izzy SUP";"Burzzy SUP";"CyderX SUP";"Elite SUP"
"161";"Nille VAM";"Klusia VAM";"Zik VAM";"Vorwenn VAM";"sunshine VAM";"freddan HSD";"vicious HSD";"Ale HSD";"Leare HSD";"lyNxi HSD"
"162";"pAura S2G";"RieNs S2G";"reazy S2G";"russ S2G";"AslaN S2G";"Docent GSE";"MerSa GSE";"Touven GSE";"Celasun GSE";"DeadInk GSE"
"163";"LOMBA QLSH";"EduCoz QLSH";"soRa QLSH";"SparkeR QLSH";"rhagee QLSH";"N A I S GMT";"marteen GMT";"HearthBeat GMT";"AFoxx GMT";"bipo GMT"
"164";"Byron MCK";"Z3RO MCK";"mass3R MCK";"Alan MCK";"DrastZ MCK";"Limp AXL";"SummonHalfa AXL";"basya AXL";"Morphiius AXL";"Reason AXL"
"165";"mishu who?";"AKIMB0 who?";"MTE who?";"Davud who?";"Radski who?";"SEIDER bonk";"Kicks bonk";"chiwawa bonk";"juseu bonk";"Desmo bonk"
"166";"Tisora ODK";"fzkk ODK";"bld ODK";"jacobin ODK";"fznnn ODK";"ntk UNI";"GuhRVN UNI";"pancc UNI";"havoc UNI";"raafa UNI"
"167";"syyse WLG";"m1tez WLG";"Cookiee WLG";"fanboy WLG";"Redwesty WLG";"dudleyzor OP";"nekoJ OP";"Rias OP";"Felox OP";"Ivan4ezz OP"
"168";"OXY G2";"penny G2";"dapr G2";"wippie G2";"ShahZaM G2";"pwny OXG";"Verno OXG";"skuba OXG";"mitch OXG";"randyySAVAGE OXG"
"169";"Rossy FaZe";"BABYBAY FaZe";"dicey FaZe";"POISED FaZe";"supamen FaZe";"bdog SR";"moose SR";"mada SR";"dazzLe SR";"v1c SR"
"170";"Guran DYG";"huNter DYG";"Rest1a DYG";"gagaaaa DYG";"yyy DYG";"FFs ME";"Link ME";"8luA ME";"Cyah6 ME";"Pinklove ME"
"171";"Edge1337 iNv";"Artill iNv";"Miracle iNv";"Lyy iNv";"brax iNv";"KOKXK DDT";"Deasy DDT";"Hope DDT";"N1God DDT";"KOTAKOTA DDT"
"172";"16Ch0ps MKG";"Ko0 MKG";"Son Keke MKG";"Tu KeKe MKG";"Brownie Phan MKG";"Pxmihlog LOFI";"XjuMại LOFI";"Milooo LOFI";"BánhMj LOFI";"Laww LOFI"
"173";"sayo VIC";"DaFt VIC";"1ccug VIC";"Louboutin VIC";"jerry VIC";"Hyzee 3T";"viness 3T";"beo 3T";"Redneval 3T";"Daicute 3T"
"174";"Sui 4AM";"9mkk 4AM";"Strawberrycc 4AM";"Ace 4AM";"Bing9z 4AM";"INVINCIBLE KPG";"008 KPG";"959y KPG";"HongVTellG KPG";"FZZZZZ KPG"
"175";"barricade NWG";"GlXad NWG";"Zero1 NWG";"9st NWG";"JXR NWG";"BEWATER DRG";"acc DRG";"point7 DRG";"biankk DRG";"JUMPBENG DRG"
"176";"lurzy0y0 TBG";"YANKAS TBG";"jonx TBG";"Antsy TBG";"VPNCNP TBG";"cacan DATH";"skylen DATH";"Masic DATH";"DeepMans DATH";"KILICARSLAN DATH"
"177";"MerSa GSE";"Touven GSE";"Celasun GSE";"DeadInk GSE";"Docent GSE";"Best FB";"w0zzip FB";"ip0TT FB";"Mykoz FB";"Padisah FB"
"178";"flainzz VKS";"krain VKS";"pollo VKS";"pleets VKS";"liazzi VKS";"ryotzz TBK";"matheuzin TBK";"chase TBK";"luk TBK";"deNaro TBK"
"179";"XXiF DSG";"clear DSG";"Exalt DSG";"Genghsta DSG";"steel DSG";"Lear OR";"zeldris OR";"Jonaaa6 OR";"PureVNS OR";"nillyaz OR"
"180";"CTC RED";"RND RED";"gtn RED";"Leozin RED";"gaabxx RED";"cortezia CAOS";"Brinks CAOS";"mNdS CAOS";"v1nny CAOS";"xenom CAOS"
"181";"nate SKC";"MiniNiwde SKC";"Xhowi SKC";"Guga SKC";"prask SKC";"Maka 19";"ezznap 19";"drakk 19";"AztKk 19";"BetrayerN 19"
"182";"eeiu M80";"zander M80";"koalanoob M80";"NiSMO M80";"johnqt M80";"N4RRATE MAD";"Ange MAD";"Trick MAD";"ZexRow MAD";"Drone MAD"
"183";"Darker FS";"theory FS";"Dcop FS";"Virtyy FS";"Mited FS";"Feniz 6K";"FreshT 6K";"BandiCoot 6K";"jfoeN 6K";"Jow 6K"
"184";"Star1og NOP";"XXXTACO NOP";"Neal X NOP";"Aowha NOP";"Revival NOP";"Libra KZ";"Lixinchen KZ";"veteraN KZ";"komaeda KZ";"Time KZ"
"185";"Juu 2K";"Kong 2K";"Hyelll 2K";"Solazet 2K";"vers4ce 2K";"Nhatthong2k BAAM";"Layla BAAM";"d0rf BAAM";"BMV BAAM";"ViV BAAM"
"186";"Tuke RNG";"Sorrys RNG";"AAK RNG";"uki RNG";"mol74 RNG";"zZsakura iG";"HaTo iG";"Kak iG";"mujun iG";"amarantos iG"
"187";"ducT LAZY";"Acerola LAZY";"Akashi LAZY";"nTK LAZY";"moefcute LAZY";"n1zzy FCY";"YESicaN FCY";"gin FCY";"WUKONG FCY";"f1cio FCY"
"188";"Lizhi O3O";"Yusin O3O";"WawaLee O3O";"Nico O3O";"XiMiLu O3O";"whzy BLG";"rin BLG";"destroyeR BLG";"Web BLG";"bly BLG"
"189";"aspas LOUD";"cauanzin LOUD";"saadhak LOUD";"Less LOUD";"tuyz LOUD";"stax DRX";"Rb DRX";"MaKo DRX";"Zest DRX";"BuZz DRX"
"190";"Pinklove ME";"Link ME";"8luA ME";"FFs ME";"Cyah6 ME";"Miracle iNv";"Lyy iNv";"Edge1337 iNv";"brax iNv";"Artill iNv"
"191";"Bing9z 4AM";"Ace 4AM";"Sui 4AM";"Strawberrycc 4AM";"9mkk 4AM";"9st NWG";"Zero1 NWG";"JXR NWG";"barricade NWG";"GlXad NWG"
"192";"Aowha NOP";"XXXTACO NOP";"Revival NOP";"Neal X NOP";"Star1og NOP";"YiHao RA";"Spitfires RA";"Viva RA";"Septem7 RA";"MarT1n RA"
"193";"AAK RNG";"mol74 RNG";"Tuke RNG";"uki RNG";"Sorrys RNG";"whzy BLG";"rin BLG";"bly BLG";"Web BLG";"destroyeR BLG"
"194";"Zyppan NAVI";"Shao NAVI";"SUYGETSU NAVI";"cNed NAVI";"ANGE1 NAVI";"Leo FNC";"Derke FNC";"Alfajer FNC";"Boaster FNC";"Chronicle FNC"
"195";"Miracle iNv";"Lyy iNv";"brax iNv";"Artill iNv";"Edge1337 iNv";"Sui 4AM";"9mkk 4AM";"Ace 4AM";"Strawberrycc 4AM";"Bing9z 4AM"
"196";"MarT1n RA";"Viva RA";"Septem7 RA";"YiHao RA";"Spitfires RA";"whzy BLG";"destroyeR BLG";"bly BLG";"rin BLG";"Web BLG"
"197";"saadhak LOUD";"tuyz LOUD";"Less LOUD";"cauanzin LOUD";"aspas LOUD";"Leo FNC";"Boaster FNC";"Chronicle FNC";"Derke FNC";"Alfajer FNC"
"198";"ezk xyz";"Alucard xyz";"lg1c xyz";"songry xyz";"maine desu xyz";"Lazy ANTC";"MERZAA ANTC";"WATER ANTC";"illumi ANTC";"Kooki ANTC"
"199";"Edge1337 iNv";"Artill iNv";"Lyy iNv";"Miracle iNv";"brax iNv";"rin BLG";"whzy BLG";"destroyeR BLG";"bly BLG";"Web BLG"
"200";"Strawberrycc 4AM";"Sui 4AM";"9mkk 4AM";"Bing9z 4AM";"Ace 4AM";"Spitfires RA";"MarT1n RA";"YiHao RA";"Septem7 RA";"Viva RA"
"201";"kamo GTZ";"OLIZERA GTZ";"starkk GTZ";"RobbieBk GTZ";"k1zpawn GTZ";"Eso177 EGN";"silenttt EGN";"Dext EGN";"fainz EGN";"Phatt EGN"
"202";"H1ber TQ";"lowel TQ";"UNFAKE TQ";"neptuNo TQ";"PoPiFresH TQ";"YuNo UCAM";"Famsii UCAM";"Quick UCAM";"iDex UCAM";"Flickless UCAM"
"203";"xiTsha Z10";"nyczu Z10";"jas Z10";"kenobi Z10";"qxv Z10";"YouBreak ANO";"eXampL ANO";"KhA ANO";"TheoW ANO";"darz ANO"
"204";"ALIVE ACE";"baddyG ACE";"MONSTEERR ACE";"Br0die ACE";"musashi ACE";"Minny EP";"alexiiik EP";"benjyfishy EP";"MaFiN EP";"Cantzer EP"
"205";"ShonP NOM";"Rave NOM";"splinter NOM";"ponkt NOM";"UndeadXP NOM";"Hitch CWE";"pyrolll CWE";"Freyy CWE";"ALMO CWE";"tatzuki CWE"
"206";"snikk ANM";"grubinho ANM";"Katu ANM";"xuss ANM";"Stix ANM";"Kwixy RN";"ikke RN";"hussaR RN";"Chadi RN";"arbie RN"
"207";"reazy S2G";"AslaN S2G";"russ S2G";"pAura S2G";"RieNs S2G";"mini IWC";"Anima IWC";"7ssk7 IWC";"braveaf IWC";"hatex IWC"
"208";"musashi ACE";"ALIVE ACE";"MONSTEERR ACE";"baddyG ACE";"B3ASTM0D3 ACE";"Rave NOM";"ShonP NOM";"splinter NOM";"UndeadXP NOM";"ponkt NOM"
"209";"Bizerra TL";"daiki TL";"isaa TL";"bstrdd TL";"Joojina TL";"lissa jell";"Krysme jell";"Jelly jell";"tayhuhu jell";"let jell"
"210";"marteen GMT";"AFoxx GMT";"bipo GMT";"HearthBeat GMT";"N A I S GMT";"Byron MCK";"mass3R MCK";"Alan MCK";"DrastZ MCK";"Z3RO MCK"
"211";"CyderX SUP";"Burzzy SUP";"Elite SUP";"Izzy SUP";"sterben SUP";"DeadInk GSE";"MerSa GSE";"Docent GSE";"Celasun GSE";"Touven GSE"
"212";"jas Z10";"qxv Z10";"nyczu Z10";"xiTsha Z10";"kenobi Z10";"Minny EP";"Cantzer EP";"alexiiik EP";"benjyfishy EP";"MaFiN EP"
"213";"senyorcarL NCG";"PatMen NCG";"MaxC NCG";"ZYND NCG";"Myd Mathers NCG";"Boogeyyy GLAB";"Dr1ch GLAB";"Chaze GLAB";"Owen q t GLAB";"FallX GLAB"
"214";"MILKY NXG";"McKinley NXG";"FETA NXG";"Sinaway NXG";"BiggieCheese NXG";"Crunchy BOBO";"rDeeW BOBO";"DRAGON BOBO";"Yifang BOBO";"Nozz BOBO"
"215";"VIZSLA WHO";"Zauqk WHO";"BAZZ WHO";"Cobolt WHO";"Bonobo WHO";"Minimise 95x";"M1kE 95x";"punda 95x";"SWERL 95x";"WAT 95x"
"216";"Yanagi APH";"micr0 APH";"Derek APH";"Kevzii APH";"blurred APH";"slathom999 ABA";"vblack ABA";"Rababz ABA";"Hydra ABA";"exotic ABA"
"217";"ChiaWei ONE";"W1nner ONE";"Rainy ONE";"XyuS ONE";"SunfaN ONE";"maou LP33";"Aclx LP33";"Nicc LP33";"TvirusLuke LP33";"Death01 LP33"
"218";"edw1N AxX";"Mamba AxX";"Luwei AxX";"LilCrazy AxX";"N11 AxX";"YRSelect GFN";"Fung3 GFN";"sora GFN";"SiuFatBB GFN";"LockM GFN"
"219";"yetujey FF";"Wo0t FF";"SasuKe FF";"WerlasS FF";"DESTRUCT1VEE FF";"AslaN S2G";"RieNs S2G";"russ S2G";"reazy S2G";"pAura S2G"
"220";"Yurii CASE";"roxie CASE";"MiniBoo CASE";"ease CASE";"Kiles CASE";"synsi FAL";"Guardy FAL";"circu FAL";"KILLDREAM FAL";"eXerZ FAL"
"221";"SpYzera FLC";"alvar FLC";"Moh FLC";"OuTLaW FLC";"KHaaLiD FLC";"Zimo UNT";"DVDOV UNT";"kugio UNT";"SoloMabuchi UNT";"ShawateRR UNT"
"222";"looM HMB";"denzo HMB";"Braso HMB";"KnightVoice HMB";"sword HMB";"marteen GMT";"bipo GMT";"HearthBeat GMT";"AFoxx GMT";"N A I S GMT"
"223";"Kheops GK";"Shalaby GK";"wayLander GK";"RockeT GK";"Winteryrook GK";"sibeastw0w NSR";"Avez NSR";"chrollo NSR";"Mickebwoy NSR";"A1mly NSR"
"224";"Tio MOX";"ganter MOX";"D1E MOX";"badzw MOX";"GioRuu MOX";"puleule FG";"UNNSTO FG";"olzerr FG";"Closer FG";"mta FG"
"225";"Levi NH";"shuaishuai NH";"Smi1e NH";"dxy NH";"XiaoMiRen NH";"JXR NWG";"9st NWG";"barricade NWG";"cxyy NWG";"KaoLa NWG"
"226";"adrnking AE";"Kush AE";"natz AE";"deLb AE";"Nakya AE";"Lilo ARF";"vascalizz ARF";"Nay ARF";"no1syboy ARF";"mikalulba ARF"
"227";"Dragy DEWA";"P1ERCEE DEWA";"heyNF DEWA";"klipp DEWA";"FrizzNatsz DEWA";"vS DOM";"OWMEN DOM";"ray4c DOM";"ValdyN DOM";"RiseN DOM"
"228";"FZZZZZ KPG";"959y KPG";"Asaylo KPG";"INVINCIBLE KPG";"HongVTellG KPG";"qiuye TYL";"WEIRDO TYL";"SORRYMYBAD TYL";"MUTE TYL";"K1te TYL"
"229";"xue HB";"MaiShiu HB";"signed HB";"Noobster HB";"MirzAA HB";"DRAGON BOBO";"rDeeW BOBO";"Nozz BOBO";"Crunchy BOBO";"Knellery BOBO"
"230";"JA NAOS";"Mojer NAOS";"Witz NAOS";"NDG NAOS";"PapiChulo NAOS";"senyorcarL NCG";"ZYND NCG";"MaxC NCG";"PatMen NCG";"Myd Mathers NCG"
"231";"diaodeyi RNG";"uki RNG";"AAK RNG";"Sorrys RNG";"mol74 RNG";"Yusin O3O";"Nico O3O";"XiMiLu O3O";"Lizhi O3O";"WawaLee O3O"
"232";"PPD AEEC";"trinity AEEC";"jkuro AEEC";"Sing AEEC";"FLoydQ AEEC";"W1nner ONE";"XyuS ONE";"Rainy ONE";"SunfaN ONE";"ChiaWei ONE"
"233";"Nexi OAS";"xavi8k OAS";"markyy OAS";"Wild0reoo OAS";"Georggyyy OAS";"vblack ABA";"slathom999 ABA";"exotic ABA";"Rababz ABA";"Asta ABA"
"234";"Kiuuuu OF";"GGHuiii OF";"CHIMEI OF";"hypathor OF";"coconut OF";"SiuFatBB GFN";"YRSelect GFN";"sora GFN";"LockM GFN";"Fung3 GFN"
"235";NA;NA;NA;NA;NA;NA;NA;NA;NA;NA
"236";"sScary BLD";"JayH BLD";"Juicy BLD";"crazyguy BLD";"Deryeon BLD";"Tempz X10";"nephh X10";"Vera X10";"Egoist X10";"Chrysania X10"
"237";"Ruxic PRL";"sociablEE PRL";"lauress PRL";"Jlerst PRL";"jeyj7y PRL";"Elite SUP";"Burzzy SUP";"Izzy SUP";"CyderX SUP";"sterben SUP"
"238";"havoc UNI";"ntk UNI";"pancc UNI";"raafa UNI";"GuhRVN UNI";"cortezia CAOS";"Brinks CAOS";"xenom CAOS";"v1nny CAOS";"mNdS CAOS"
"239";"Kardash EBG";"Haitam EBG";"Liu EBG";"nachitt EBG";"pepzet EBG";"mizu 9z";"Tuli 9z";"rubkkoide 9z";"deigara 9z";"david 9z"
"240";"koalanoob M80";"eeiu M80";"zander M80";"johnqt M80";"NiSMO M80";"Exalt DSG";"XXiF DSG";"Genghsta DSG";"steel DSG";"clear DSG"
"241";"Cebando AK";"fenNy AK";"tinchoff AK";"leonzhet AK";"NicoMachine AK";"badzw MOX";"D1E MOX";"Tio MOX";"GioRuu MOX";"ganter MOX"
"242";"Kanpeki TSM";"gMd TSM";"seven TSM";"NaturE TSM";"corey TSM";"nillyaz OR";"PureVNS OR";"Lear OR";"Jonaaa6 OR";"zeldris OR"
"243";"Cyah6 ME";"8luA ME";"Pinklove ME";"FFs ME";"Link ME";"Hope DDT";"N1God DDT";"KOTAKOTA DDT";"KOKXK DDT";"Deasy DDT"
"244";"m0rea BTR";"ZesBeeW BTR";"frostmind BTR";"NcSlasher BTR";"sayoo BTR";"heyNF DEWA";"Dragy DEWA";"P1ERCEE DEWA";"FrizzNatsz DEWA";"klipp DEWA"
"245";"vascalizz ARF";"Lilo ARF";"mikalulba ARF";"Nay ARF";"no1syboy ARF";"ValdyN DOM";"OWMEN DOM";"vS DOM";"RiseN DOM";"ray4c DOM"
"246";"huNter DYG";"yyy DYG";"gagaaaa DYG";"Guran DYG";"Rest1a DYG";"PangH NoVa";"o0o0o NoVa";"JL NoVa";"byAn NoVa";"OBONE NoVa"
"247";"andy FC";"LEW FC";"skrawl FC";"Fweshest FC";"norsin FC";"BiggieCheese NXG";"FETA NXG";"MILKY NXG";"McKinley NXG";"Sinaway NXG"
"248";"Asta ABA";"exotic ABA";"slathom999 ABA";"Hydra ABA";"vblack ABA";"Dr1ch GLAB";"Boogeyyy GLAB";"Chaze GLAB";"Owen q t GLAB";"FallX GLAB"
"249";"Neal X NOP";"Revival NOP";"XXXTACO NOP";"Aowha NOP";"Star1og NOP";"BEWATER DRG";"biankk DRG";"JUMPBENG DRG";"acc DRG";"point7 DRG"
"250";"MirzAA HB";"xue HB";"Noobster HB";"MaiShiu HB";"signed HB";"Cobolt WHO";"Bonobo WHO";"VIZSLA WHO";"BAZZ WHO";"Zauqk WHO"
"251";"coconut OF";"hypathor OF";"CHIMEI OF";"Kiuuuu OF";"GGHuiii OF";"maou LP33";"Aclx LP33";"TvirusLuke LP33";"Nicc LP33";"Death01 LP33"
"252";"Tempz X10";"nephh X10";"Vera X10";"Chrysania X10";"Egoist X10";"benaf HEY";"dzii HEY";"shiba HEY";"Retla HEY";"Brxndon HEY"
"253";"MaxC NCG";"Myd Mathers NCG";"ZYND NCG";"PatMen NCG";"senyorcarL NCG";"Kevzii APH";"Derek APH";"micr0 APH";"blurred APH";"Yanagi APH"
"254";"trinity AEEC";"PPD AEEC";"jkuro AEEC";"FLoydQ AEEC";"Sing AEEC";"edw1N AxX";"N11 AxX";"Mamba AxX";"Luwei AxX";"LilCrazy AxX"
"255";NA;NA;NA;NA;NA;NA;NA;NA;NA;NA
"256";"XJian JT";"Shr1mp JT";"Lyu JT";"Leon JT";"0n1y JT";"MarT1n RA";"YiHao RA";"Spitfires RA";"Viva RA";"Septem7 RA"
"257";"FrostyZ TDK";"jeed TDK";"aduka TDK";"kael TDK";"subbey TDK";"RedKoh LVR";"Reverie LVR";"Maxxyy LVR";"bryce LVR";"SHINSEI LVR"
"258";"jacobin ODK";"fznnn ODK";"bld ODK";"Tisora ODK";"fzkk ODK";"gaabxx RED";"RND RED";"gtn RED";"CTC RED";"Leozin RED"
"259";"UNNSTO FG";"puleule FG";"Closer FG";"mta FG";"olzerr FG";"pepzet EBG";"nachitt EBG";"Haitam EBG";"Liu EBG";"Kardash EBG"
"260";"dapr G2";"wippie G2";"ShahZaM G2";"penny G2";"OXY G2";"WeDid TTR";"TiGG TTR";"Add3r TTR";"Governor TTR";"mummAy TTR"
"261";"guuih LBR";"duhT LBR";"pepa LBR";"tockers LBR";"Zanatsu LBR";"pollo VKS";"flainzz VKS";"krain VKS";"pleets VKS";"liazzi VKS"
"262";"valyn TGRD";"tex TGRD";"neT TGRD";"trent TGRD";"JonahP TGRD";"Drone MAD";"N4RRATE MAD";"Ange MAD";"Trick MAD";"ZexRow MAD"
"263";"KaoLa NWG";"9st NWG";"cxyy NWG";"JXR NWG";"barricade NWG";"WEIRDO TYL";"SORRYMYBAD TYL";"MUTE TYL";"K1te TYL";"qiuye TYL"
"264";"mol74 RNG";"Sorrys RNG";"AAK RNG";"uki RNG";"diaodeyi RNG";"BesTLayla 4AM";"Ace 4AM";"Sui 4AM";"Bing9z 4AM";"Strawberrycc 4AM"
"265";"Kadoom MiTH";"b3ta MiTH";"kongared MiTH";"PTC MiTH";"AloNeFillz MiTH";"Potter AAA";"LAMMYSNAX AAA";"ChAlalala AAA";"Raigard AAA";"basbabe AAA"
"266";"severiNe BME";"Famouz BME";"Shiro BME";"blaZek1ng BME";"Cud BME";"frostmind BTR";"sayoo BTR";"NcSlasher BTR";"ZesBeeW BTR";"m0rea BTR"
"267";"DRAGON BOBO";"Crunchy BOBO";"rDeeW BOBO";"Nozz BOBO";"Knellery BOBO";"punda 95x";"SWERL 95x";"Minimise 95x";"M1kE 95x";"WAT 95x"
"268";"PapiChulo NAOS";"Mojer NAOS";"JA NAOS";"Witz NAOS";"NDG NAOS";"markyy OAS";"xavi8k OAS";"Nexi OAS";"Wild0reoo OAS";"Georggyyy OAS"
"269";"f1cio FCY";"YESicaN FCY";"WUKONG FCY";"n1zzy FCY";"gin FCY";"Layla BAAM";"ViV BAAM";"P1nA2k4 BAAM";"d0rf BAAM";"Nhatthong2k BAAM"
"270";"Dragy DEWA";"klipp DEWA";"FrizzNatsz DEWA";"heyNF DEWA";"P1ERCEE DEWA";"no1syboy ARF";"Nay ARF";"Lilo ARF";"vascalizz ARF";"mikalulba ARF"
"271";"Link ME";"8luA ME";"Cyah6 ME";"Pinklove ME";"FFs ME";"byAn NoVa";"PangH NoVa";"OBONE NoVa";"o0o0o NoVa";"JL NoVa"
"272";"FETA NXG";"BiggieCheese NXG";"August NXG";"McKinley NXG";"Sinaway NXG";"signed HB";"xue HB";"MirzAA HB";"MaiShiu HB";"Noobster HB"
"273";"JohnOlsen FS";"Teerapong FS";"THEE FS";"Apinya FS";"Fluky FS";"Leviathan SPE";"Acetics SPE";"Chainyyy SPE";"Changee SPE";"PinOcchiOs SPE"
"274";"ChiaWei ONE";"XyuS ONE";"SunfaN ONE";"W1nner ONE";"Rainy ONE";"LockM GFN";"sora GFN";"SiuFatBB GFN";"Fung3 GFN";"YRSelect GFN"
"275";"viness 3T";"Hyzee 3T";"Daicute 3T";"Redneval 3T";"beo 3T";"nTK LAZY";"ducT LAZY";"Acerola LAZY";"Akashi LAZY";"moefcute LAZY"
"276";"Xan ENGM";"STYRON ENGM";"artn ENGM";"FREY ENGM";"Divine ENGM";"sScary BLD";"Deryeon BLD";"JayH BLD";"Juicy BLD";"crazyguy BLD"
"277";"Chrysania X10";"nephh X10";"Egoist X10";"Tempz X10";"Vera X10";"RedKoh LVR";"Reverie LVR";"SHINSEI LVR";"bryce LVR";"Maxxyy LVR"
"278";"Boogeyyy GLAB";"FallX GLAB";"Chaze GLAB";"Dr1ch GLAB";"Owen q t GLAB";"micr0 APH";"blurred APH";"Derek APH";"Yanagi APH";"Kevzii APH"
"279";"Neal X NOP";"Revival NOP";"Star1og NOP";"XXXTACO NOP";"Aowha NOP";"Spitfires RA";"MarT1n RA";"Viva RA";"Septem7 RA";"YiHao RA"
"280";"MONSTEERR ACE";"Br0die ACE";"ALIVE ACE";"baddyG ACE";"musashi ACE";"runneR DIA";"Grmekista DIA";"Patix DIA";"al1en DIA";"Prti DIA"
"281";"TakaS SBG";"logaN SBG";"Wailers SBG";"nataNk SBG";"beyAz SBG";"Jesse VLNT";"NeskaaS VLNT";"CyvOph VLNT";"LeeN VLNT";"Sacake VLNT"
"282";"arbie RN";"Kwixy RN";"ikke RN";"hussaR RN";"Chadi RN";"alexiiik EP";"Minny EP";"benjyfishy EP";"Cantzer EP";"MaFiN EP"
"283";"moose SR";"bdog SR";"mada SR";"dazzLe SR";"v1c SR";"brawk MxM";"aproto MxM";"thief MxM";"sym MxM";"flyuh MxM"
"284";"BandiCoot 6K";"jfoeN 6K";"Feniz 6K";"FreshT 6K";"Jow 6K";"ezznap 19";"BetrayerN 19";"Maka 19";"drakk 19";"AztKk 19"
"285";"POISED FaZe";"BABYBAY FaZe";"Rossy FaZe";"supamen FaZe";"dicey FaZe";"skuba OXG";"pwny OXG";"Verno OXG";"mitch OXG";"randyySAVAGE OXG"
"286";"DRAGON BOBO";"Yifang BOBO";"Nozz BOBO";"rDeeW BOBO";"Crunchy BOBO";"MaiShiu HB";"xue HB";"Noobster HB";"MirzAA HB";"signed HB"
"287";"Divine ENGM";"artn ENGM";"FREY ENGM";"STYRON ENGM";"Xan ENGM";"Vera X10";"Tempz X10";"Egoist X10";"nephh X10";"Chrysania X10"
"288";"LAMMYSNAX AAA";"Raigard AAA";"Potter AAA";"ChAlalala AAA";"basbabe AAA";"JohnOlsen FS";"THEE FS";"Teerapong FS";"Apinya FS";"Fluky FS"
"289";"Shiro BME";"Famouz BME";"severiNe BME";"blaZek1ng BME";"Cud BME";"mikalulba ARF";"no1syboy ARF";"vascalizz ARF";"Lilo ARF";"Nay ARF"
"290";"Draxii OAS";"xavi8k OAS";"Wild0reoo OAS";"Georggyyy OAS";"Nexi OAS";"Boogeyyy GLAB";"Chaze GLAB";"Dr1ch GLAB";"Owen q t GLAB";"FallX GLAB"
"291";"BMV BAAM";"d0rf BAAM";"Layla BAAM";"Nhatthong2k BAAM";"ViV BAAM";"nTK LAZY";"ducT LAZY";"Akashi LAZY";"Acerola LAZY";"moefcute LAZY"
"292";"SORRYMYBAD TYL";"WEIRDO TYL";"qiuye TYL";"K1te TYL";"MUTE TYL";"AAK RNG";"mol74 RNG";"uki RNG";"Sorrys RNG";"diaodeyi RNG"
"293";"b3ta MiTH";"Kadoom MiTH";"kongared MiTH";"AloNeFillz MiTH";"PTC MiTH";"Acetics SPE";"Leviathan SPE";"Chainyyy SPE";"PinOcchiOs SPE";"Changee SPE"
"294";"SiuFatBB GFN";"LockM GFN";"Fung3 GFN";"sora GFN";"YRSelect GFN";"coconut OF";"CHIMEI OF";"hypathor OF";"Kiuuuu OF";"GGHuiii OF"
"295";"gin FCY";"YESicaN FCY";"n1zzy FCY";"f1cio FCY";"WUKONG FCY";"beo 3T";"Hyzee 3T";"Redneval 3T";"viness 3T";"Daicute 3T"
"296";"Luzuh LPB";"L1NK LPB";"KRAY LPB";"vong LPB";"Russ LPB";"KPZET FKS";"purp0 FKS";"JUGi FKS";"Lime FKS";"YaBoiLewis FKS"
"297";"arbie RN";"Chadi RN";"Kwixy RN";"ikke RN";"hussaR RN";"pyrolll CWE";"ALMO CWE";"Freyy CWE";"Hitch CWE";"tatzuki CWE"
"298";"Fizzy SAW";"Bati SAW";"tomaszy SAW";"Addicted SAW";"DaviH SAW";"kamo GTZ";"RobbieBk GTZ";"starkk GTZ";"k1zpawn GTZ";"OLIZERA GTZ"
"299";"musashi ACE";"baddyG ACE";"ALIVE ACE";"MONSTEERR ACE";"Br0die ACE";"benjyfishy EP";"MaFiN EP";"Minny EP";"alexiiik EP";"Cantzer EP"
"300";"elllement CGN";"starki CGN";"azury CGN";"BennY CGN";"Shazeon CGN";"HyDrO AT";"Louitan AT";"ngiN AT";"jurca AT";"eNes AT"
"301";"Ale HSD";"freddan HSD";"vicious HSD";"lyNxi HSD";"Leare HSD";"Mistic APK";"MAGNUM APK";"Keiko APK";"Enzo APK";"ShadoW APK"
"302";"AKUMAAAAA MDR";"thebigfiz MDR";"Goaster MDR";"HyP MDR";"kAdavra MDR";"Babax ZER";"lux9 ZER";"DarkLight ZER";"Mercure ZER";"Veqaj ZER"
"303";"lowel TQ";"H1ber TQ";"neptuNo TQ";"UNFAKE TQ";"PoPiFresH TQ";"MiniBoo CASE";"Kiles CASE";"ease CASE";"Yurii CASE";"roxie CASE"
"304";"KHaaLiD FLC";"SpYzera FLC";"Moh FLC";"alvar FLC";"OuTLaW FLC";"Zimo UNT";"DVDOV UNT";"kugio UNT";"ShawateRR UNT";"SoloMabuchi UNT"
"305";"Guga SKC";"nate SKC";"prask SKC";"MiniNiwde SKC";"Xhowi SKC";"c4Lypso RETA";"sh0twell RETA";"solution RETA";"BEAST RETA";"Baez RETA"
"306";"Darker FS";"Virtyy FS";"Mited FS";"theory FS";"edu FS";"Maka 19";"drakk 19";"BetrayerN 19";"AztKk 19";"ezznap 19"
"307";"sScary BLD";"Juicy BLD";"JayH BLD";"Deryeon BLD";"crazyguy BLD";"Egoist X10";"Vera X10";"Tempz X10";"Chrysania X10";"FANE X10"
"308";"Minimise 95x";"WAT 95x";"M1kE 95x";"punda 95x";"SWERL 95x";"Nozz BOBO";"DRAGON BOBO";"Yifang BOBO";"rDeeW BOBO";"Crunchy BOBO"
"309";"SORRYMYBAD TYL";"K1te TYL";"WEIRDO TYL";"qiuye TYL";"MUTE TYL";"Neal X NOP";"Revival NOP";"XXXTACO NOP";"Aowha NOP";"Star1og NOP"
"310";"ZesBeeW BTR";"frostmind BTR";"sayoo BTR";"NcSlasher BTR";"m0rea BTR";"blaZek1ng BME";"Famouz BME";"Shiro BME";"Cud BME";"severiNe BME"
"311";"Redneval 3T";"Daicute 3T";"Hyzee 3T";"viness 3T";"beo 3T";"Layla BAAM";"d0rf BAAM";"BMV BAAM";"Nhatthong2k BAAM";"P1nA2k4 BAAM"
"312";"Leviathan SPE";"Acetics SPE";"Changee SPE";"PinOcchiOs SPE";"Chainyyy SPE";"ChAlalala AAA";"LAMMYSNAX AAA";"Potter AAA";"basbabe AAA";"Raigard AAA"
"313";"W1nner ONE";"Rainy ONE";"XyuS ONE";"XiaoShi77 ONE";"ChiaWei ONE";"YRSelect GFN";"SiuFatBB GFN";"Fung3 GFN";"sora GFN";"LockM GFN"
"314";"AAK RNG";"diaodeyi RNG";"uki RNG";"mol74 RNG";"Sorrys RNG";"8luA ME";"Link ME";"FFs ME";"Pinklove ME";"Cyah6 ME"
"315";"PapiChulo NAOS";"Mojer NAOS";"JA NAOS";"Witz NAOS";"NDG NAOS";"xavi8k OAS";"markyy OAS";"Georggyyy OAS";"Nexi OAS";"Wild0reoo OAS"
"316";"freddan HSD";"Leare HSD";"vicious HSD";"lyNxi HSD";"Ale HSD";"JUGi FKS";"KPZET FKS";"Lime FKS";"purp0 FKS";"YaBoiLewis FKS"
"317";"alexiiik EP";"benjyfishy EP";"Cantzer EP";"MaFiN EP";"Minny EP";"Stix ANM";"snikk ANM";"Katu ANM";"grubinho ANM";"xuss ANM"
"318";"AslaN S2G";"reazy S2G";"russ S2G";"pAura S2G";"RieNs S2G";"Elite SUP";"sterben SUP";"CyderX SUP";"Burzzy SUP";"Izzy SUP"
"319";"Luc1d UOL";"eleo UOL";"canefis UOL";"nico UOL";"Treelover UOL";"elllement CGN";"starki CGN";"azury CGN";"BennY CGN";"Shazeon CGN"
"320";"logaN SBG";"TakaS SBG";"beyAz SBG";"Wailers SBG";"nataNk SBG";"AKUMAAAAA MDR";"thebigfiz MDR";"Goaster MDR";"HyP MDR";"kAdavra MDR"
"321";"caydeN DSY";"wackie DSY";"Tag DSY";"xazyy DSY";"feqew DSY";"HearthBeat GMT";"AFoxx GMT";"N A I S GMT";"bipo GMT";"marteen GMT"
"322";"RockeT GK";"Winteryrook GK";"wayLander GK";"Kheops GK";"Shalaby GK";"falltw RAAD";"Depyro RAAD";"Shniider RAAD";"neveR RAAD";"Sand RAAD"
"323";"jfoeN 6K";"BandiCoot 6K";"Feniz 6K";"FreshT 6K";"Jow 6K";"solution RETA";"c4Lypso RETA";"Baez RETA";"BEAST RETA";"sh0twell RETA"
"324";"deLb INA";"Kush INA";"NcSlasher INA";"Asteriskk INA";"sayoo INA";"subbey MAS";"jeed MAS";"aduka MAS";"zeeq MAS";"FrostyZ MAS"
"325";"Nhatthong2k VIE";"crazyguy VIE";"viness VIE";"Suka VIE";"d0rf VIE";"deLb INA";"m0rea INA";"Kush INA";"NcSlasher INA";"Eeyore INA"
"326";"Eeyore INA";"Asteriskk INA";"sayoo INA";"deLb INA";"Kush INA";"T0nNyKIM CAM";"lurk3r CAM";"Paatu CAM";"Lucid CAM";"SweetieJC CAM"
"327";"d0rf VIE";"viness VIE";"Suka VIE";"Nhatthong2k VIE";"crazyguy VIE";"aduka MAS";"subbey MAS";"zeeq MAS";"toggle MAS";"jeed MAS"
"328";"Kardash EBG";"nachitt EBG";"pepzet EBG";"Haitam EBG";"Liu EBG";"tinchoff AK";"NicoMachine AK";"leonzhet AK";"Cebando AK";"fenNy AK"
"329";"matheuzin TBK";"deNaro TBK";"chase TBK";"luk TBK";"ryotzz TBK";"liazzi VKS";"pollo VKS";"flainzz VKS";"krain VKS";"pleets VKS"
"330";"deigara 9z";"david 9z";"Tuli 9z";"mizu 9z";"rubkkoide 9z";"puleule FG";"olzerr FG";"Closer FG";"UNNSTO FG";"Czewick FG"
"331";"Tisora ODK";"jacobin ODK";"bld ODK";"fzkk ODK";"fznnn ODK";"Brinks CAOS";"v1nny CAOS";"mNdS CAOS";"xenom CAOS";"cortezia CAOS"
"332";"Kush INA";"m0rea INA";"deLb INA";"Eeyore INA";"NcSlasher INA";"Paatu CAM";"lurk3r CAM";"T0nNyKIM CAM";"Lucid CAM";"SweetieJC CAM"
"333";"zeeq MAS";"aduka MAS";"subbey MAS";"FrostyZ MAS";"jeed MAS";"d0rf VIE";"crazyguy VIE";"Suka VIE";"viness VIE";"Nhatthong2k VIE"
"334";"muffinloop GES.P";"Meow16K GES.P";"KiRi GES.P";"Rose GES.P";"Hyphae GES.P";"Alexy SMG.GC";"Tara SMG.GC";"shirazi SMG.GC";"Kamiyu SMG.GC";"Kohaibi SMG.GC"
"335";"mija GOC";"KDG GOC";"Jaile GOC";"Twirly GOC";"DelBisky GOC";"Poly SPH";"Trk SPH";"margeaux SPH";"JinNy SPH";"Muffyn SPH"
"336";"capriciouS OGT.X";"Japips OGT.X";"Chloettw OGT.X";"CaspeR OGT.X";"zini OGT.X";"oreopheliaa BIGG";"Yaamori BIGG";"gWenn BIGG";"Erumaa BIGG";"marche BIGG"
"337";"nabbsky RRQ.K";"Alluka RRQ.K";"Eisberg RRQ.K";"Ayumiii RRQ.K";"bes RRQ.K";"Newky CAPY";"yyAmroll CAPY";"izzengi CAPY";"mycrephy CAPY";"Tang CAPY"
"338";"Kanpeki TSM";"NaturE TSM";"gMd TSM";"corey TSM";"seven TSM";"steel DSG";"XXiF DSG";"riku DSG";"Genghsta DSG";"clear DSG"
"339";"pancc UNI";"ntk UNI";"GuhRVN UNI";"havoc UNI";"raafa UNI";"flainzz VKS";"pollo VKS";"krain VKS";"pleets VKS";"liazzi VKS"
"340";"Cebando AK";"tinchoff AK";"leonzhet AK";"jvhz AK";"NicoMachine AK";"rubkkoide 9z";"mizu 9z";"david 9z";"deigara 9z";"Tuli 9z"
"341";"JonahP TGRD";"trent TGRD";"neT TGRD";"valyn TGRD";"tex TGRD";"johnqt M80";"koalanoob M80";"NiSMO M80";"zander M80";"eeiu M80"
"342";"Leozin RED";"gaabxx RED";"RND RED";"gtn RED";"CTC RED";"Brinks CAOS";"v1nny CAOS";"xenom CAOS";"cortezia CAOS";"mNdS CAOS"
"343";"LilCrazy DYG";"huNter DYG";"Mamba DYG";"Guran DYG";"gagaaaa DYG";"shuaishuai NH";"Kelele NH";"Smi1e NH";"XiaoMiRen NH";"dxy NH"
"344";"AAK RNG";"Sorrys RNG";"SWERL RNG";"mol74 RNG";"signed RNG";"959y KPG";"FZZZZZ KPG";"Asaylo KPG";"INVINCIBLE KPG";"HongVTellG KPG"
"345";"Meow16K GES.P";"muffinloop GES.P";"Hyphae GES.P";"KiRi GES.P";"Rose GES.P";"DelBisky GOC";"mija GOC";"Twirly GOC";"KDG GOC";"Jaile GOC"
"346";"oreopheliaa BIGG";"Erumaa BIGG";"Yaamori BIGG";"crescents BIGG";"gWenn BIGG";"yyAmroll CAPY";"Tang CAPY";"Newky CAPY";"mycrephy CAPY";"izzengi CAPY"
"347";"YuKai TJD";"daft TJD";"XIao5 TJD";"Hxxyyj TJD";"k1omatic TJD";"pl1xx WBG";"Maple WBG";"Dz1n WBG";"nos WBG";"Zoomer WBG"
"348";"Alexy SMG.GC";"shirazi SMG.GC";"Kohaibi SMG.GC";"Kamiyu SMG.GC";"Tara SMG.GC";"margeaux SPH";"JinNy SPH";"Muffyn SPH";"Trk SPH";"Poly SPH"
"349";"CaspeR OGT.X";"zini OGT.X";"Chloettw OGT.X";"capriciouS OGT.X";"Japips OGT.X";"Alluka RRQ.K";"Ayumiii RRQ.K";"bes RRQ.K";"nabbsky RRQ.K";"Eisberg RRQ.K"
"350";"nillyaz OR";"PureVNS OR";"zeldris OR";"Lear OR";"Jonaaa6 OR";"N4RRATE MAD";"Drone MAD";"Ange MAD";"ZexRow MAD";"Trick MAD"
"351";"ganter MOX";"GioRuu MOX";"D1E MOX";"Tio MOX";"badzw MOX";"Haitam EBG";"pepzet EBG";"nachitt EBG";"Liu EBG";"Kardash EBG"
"352";"BABYBAY FaZe";"POISED FaZe";"dicey FaZe";"Rossy FaZe";"supamen FaZe";"flyuh MxM";"thief MxM";"brawk MxM";"sym MxM";"aproto MxM"
"353";"liazzi VKS";"flainzz VKS";"krain VKS";"pollo VKS";"pleets VKS";"fzkk ODK";"bld ODK";"jacobin ODK";"Tisora ODK";"fznnn ODK"
"354";"maizi DRG";"TvirusLuke DRG";"PAULTATO DRG";"Nicc DRG";"Death01 DRG";"Hao KZ";"Strive KZ";"Time KZ";"komaeda KZ";"Libra KZ"
"355";"signed RNG";"Sorrys RNG";"mol74 RNG";"AAK RNG";"SWERL RNG";"suyjing NWG";"cxyy NWG";"KaoLa NWG";"9st NWG";"barricade NWG"
"356";"Sui 4AM";"Bing9z 4AM";"Ace 4AM";"Strawberrycc 4AM";"BesTLayla 4AM";"LilCrazy DYG";"yyy DYG";"huNter DYG";"Guran DYG";"Mamba DYG"
"357";"Chloettw OGT.X";"Japips OGT.X";"capriciouS OGT.X";"zini OGT.X";"CaspeR OGT.X";"muffinloop GES.P";"Meow16K GES.P";"KiRi GES.P";"Hyphae GES.P";"Rose GES.P"
"358";"Poly SPH";"Muffyn SPH";"JinNy SPH";"Trk SPH";"margeaux SPH";"Yaamori BIGG";"Erumaa BIGG";"gWenn BIGG";"marche BIGG";"crescents BIGG"
"359";"JL NoVa";"o0o0o NoVa";"PangH NoVa";"byAn NoVa";"OBONE NoVa";"Zoomer WBG";"nos WBG";"Maple WBG";"Dz1n WBG";"pl1xx WBG"
"360";"Governor TTR";"TiGG TTR";"WeDid TTR";"mummAy TTR";"Add3r TTR";"Verno OXG";"skuba OXG";"pwny OXG";"mitch OXG";"randyySAVAGE OXG"
"361";"mNdS CAOS";"cortezia CAOS";"xenom CAOS";"Brinks CAOS";"v1nny CAOS";"liazzi VKS";"krain VKS";"pleets VKS";"flainzz VKS";"pollo VKS"
"362";"Virtyy FS";"Mited FS";"Darker FS";"theory FS";"edu FS";"solution RETA";"sh0twell RETA";"c4Lypso RETA";"BEAST RETA";"Baez RETA"
"363";"wippie G2";"dapr G2";"OXY G2";"penny G2";"ShahZaM G2";"moose SR";"dazzLe SR";"v1c SR";"bdog SR";"mada SR"
"364";"pancc UNI";"havoc UNI";"raafa UNI";"GuhRVN UNI";"ntk UNI";"gtn RED";"RND RED";"Leozin RED";"gaabxx RED";"CTC RED"
"365";"nate SKC";"prask SKC";"Xhowi SKC";"Guga SKC";"MiniNiwde SKC";"FreshT 6K";"Feniz 6K";"jfoeN 6K";"Jow 6K";"BandiCoot 6K"
"366";"Yoshiii SZ";"Jemkin SZ";"Kr1stal SZ";"Zennakukin SZ";"TORANECO SZ";"JoXJo FL";"hiroronn FL";"CLZ FL";"Xdll FL";"SyouTa FL"
"367";"shirazi SMG.GC";"Kamiyu SMG.GC";"Kohaibi SMG.GC";"Tara SMG.GC";"Alexy SMG.GC";"Ayumiii RRQ.K";"bes RRQ.K";"nabbsky RRQ.K";"Eisberg RRQ.K";"Alluka RRQ.K"
"368";"capriciouS OGT.X";"CaspeR OGT.X";"Japips OGT.X";"zini OGT.X";"Chloettw OGT.X";"Yaamori BIGG";"crescents BIGG";"gWenn BIGG";"Erumaa BIGG";"marche BIGG"
"369";"Nicc DRG";"maizi DRG";"Death01 DRG";"PAULTATO DRG";"TvirusLuke DRG";"cxyy NWG";"suyjing NWG";"barricade NWG";"9st NWG";"KaoLa NWG"
"370";"Guran DYG";"LilCrazy DYG";"yyy DYG";"huNter DYG";"Mamba DYG";"pl1xx WBG";"Maple WBG";"Zoomer WBG";"Dz1n WBG";"nos WBG"
"371";"tesseract OGS";"azys OGS";"LeVi OGS";"rawfiul OGS";"Antidote OGS";"Rossi LES";"khelthuzad LES";"Marzil LES";"sh1vy LES";"LuciA LES"
"372";"gaabxx RED";"Leozin RED";"gtn RED";"RND RED";"CTC RED";"pleets VKS";"krain VKS";"liazzi VKS";"flainzz VKS";"pollo VKS"
"373";"Virtyy FS";"Darker FS";"theory FS";"Mited FS";"edu FS";"Xhowi SKC";"nate SKC";"MiniNiwde SKC";"Guga SKC";"prask SKC"
"374";"makiba CR";"Medusa CR";"popogachi CR";"neth CR";"Meiy CR";"hiroronn FL";"SyouTa FL";"Xdll FL";"JoXJo FL";"CLZ FL"
"375";"Kohaibi SMG.GC";"shirazi SMG.GC";"Kamiyu SMG.GC";"Tara SMG.GC";"Alexy SMG.GC";"zini OGT.X";"CaspeR OGT.X";"Japips OGT.X";"Chloettw OGT.X";"capriciouS OGT.X"
"376";"maizi DRG";"Nicc DRG";"PAULTATO DRG";"Death01 DRG";"TvirusLuke DRG";"Maple WBG";"pl1xx WBG";"Zoomer WBG";"Dz1n WBG";"nos WBG"
"377";"Eeyore AE";"deLb AE";"Asteriskk AE";"Kush AE";"adrnking AE";"Arixa 90 K";"Re2n 90 K";"Bocah 90 K";"Freakz 90 K";"Renn 90 K"
"378";"Kafka HZE.A";"Nythan HZE.A";"realcasperr HZE.A";"AmerNone HZE.A";"da1zzie HZE.A";"Flynch LCR";"RIZKYMD LCR";"Rapheleen LCR";"axeLiNh0 LCR";"kuroza LCR"
"379";"cxyy NWG";"suyjing NWG";"barricade NWG";"KaoLa NWG";"9st NWG";"LilCrazy DYG";"Mamba DYG";"yyy DYG";"Guran DYG";"huNter DYG"
"380";"xyNe HDE";"zharwow HDE";"k1ngkappa HDE";"Peekaboo HDE";"Kylee HDE";"HixerRAWRツ TWE";"S1lence TWE";"sten TWE";"WoodenTesla TWE";"Lee TWE"
"381";"tixx GDR";"vibhoRR GDR";"Autumn GDR";"Hoax GDR";"Ember GDR";"ec1s VLTG";"doma VLTG";"DEATHMAKER VLTG";"hellff VLTG";"Excali VLTG"
"382";"raafa UNI";"pancc UNI";"GuhRVN UNI";"havoc UNI";"ntk UNI";"flainzz VKS";"liazzi VKS";"krain VKS";"pleets VKS";"pollo VKS"
"383";"solution RETA";"sh0twell RETA";"Baez RETA";"BEAST RETA";"c4Lypso RETA";"AztKk 19";"ezznap 19";"drakk 19";"Maka 19";"BetrayerN 19"
"384";"adrnking AE";"Eeyore AE";"deLb AE";"Asteriskk AE";"Kush AE";"axeLiNh0 LCR";"Flynch LCR";"Rapheleen LCR";"kuroza LCR";"RIZKYMD LCR"
"385";"Freakz 90 K";"Renn 90 K";"Arixa 90 K";"Bocah 90 K";"Re2n 90 K";"Kafka HZE.A";"realcasperr HZE.A";"Nythan HZE.A";"AmerNone HZE.A";"da1zzie HZE.A"
"386";"Chibai Ku Tensei Arca";"Justhistory Arca";"FFroody Arca";"Abongcs Arca";"Hanzzl Arca";"S1lence TWE";"HixerRAWRツ TWE";"WoodenTesla TWE";"Lee TWE";"sten TWE"
"387";"gotten DOM";"RiseN DOM";"ValdyN DOM";"ray4c DOM";"carrace DOM";"xyNe HDE";"zharwow HDE";"Peekaboo HDE";"Kylee HDE";"k1ngkappa HDE"
"388";"frantastic GET";"reshi GET";"Flossie GET";"azul GET";"Lynn2 GET";"romi KRÜ.B";"kalita KRÜ.B";"micaela KRÜ.B";"conir KRÜ.B";"shyz KRÜ.B"
"389";"Rapheleen LCR";"Flynch LCR";"RIZKYMD LCR";"axeLiNh0 LCR";"kuroza LCR";"Renn 90 K";"Arixa 90 K";"Re2n 90 K";"Bocah 90 K";"Freakz 90 K"
"390";"Caliburnho GD";"r3ason GD";"FonTuz GD";"aRThiT GD";"SPINO GD";"KhanBigD CAP";"Kromex CAP";"BLAZT56 CAP";"Squenzer CAP";"pedio CAP"
"391";"zharwow HDE";"xyNe HDE";"Peekaboo HDE";"k1ngkappa HDE";"Kylee HDE";"Justhistory Arca";"FFroody Arca";"Abongcs Arca";"Chibai Ku Tensei Arca";"Hanzzl Arca"
"392";"niffy CRT";"Sephiroth CRT";"Kntz CRT";"Reality CRT";"maitee CRT";"CheR0Z THA";"slash THA";"KASKORAT THA";"LoRangeZ THA";"Xsy THA"
"393";"miku LEV.GC";"Subiboo LEV.GC";"leah LEV.GC";"LiNLiN LEV.GC";"shuuren LEV.GC";"Raquinuki FS.X";"Jia FS.X";"Dano FS.X";"Zaraexe FS.X";"Bunnileyah FS.X"
"394";"Life ASE";"bunt ASE";"YHchen ASE";"hfmi0dzjc9z7 ASE";"monk ASE";"Yuicaw FPX";"AAAAY FPX";"lysoar FPX";"berLIN FPX";"YuChEn FPX"
"395";"Kai BLG";"rin BLG";"whzy BLG";"Lsida BLG";"Jem BLG";"Eren NTER";"B3Ar NTER";"York NTER";"AC NTER";"Spring NTER"
"396";"slash THA";"KASKORAT THA";"LoRangeZ THA";"Replyy THA";"Xsy THA";"Squenzer CAP";"pedio CAP";"BLAZT56 CAP";"Kromex CAP";"KhanBigD CAP"
"397";"Yosemite KONE";"LuoK1ng KONE";"Ninebody KONE";"Knight KONE";"sword9 KONE";"pl1xx WBG";"nos WBG";"Maple WBG";"Dz1n WBG";"Zoomer WBG"
"398";"DOXZ3R ASTR";"Kishi ASTR";"Kohliii ASTR";"DominiK ASTR";"wink ASTR";"DcRulz MDL";"tricky MDL";"FOX MDL";"hacker MDL";"ezzy MDL"
"399";"Jelly LOUD";"lissa LOUD";"let LOUD";"Krysme LOUD";"tayhuhu LOUD";"anninha w7m";"Cellax w7m";"isafx w7m";"maze w7m";"gabi w7m"
"400";"Hinataa SNX.F";"autumn SNX.F";"Mcfly SNX.F";"MiwaS SNX.F";"natu SNX.F";"Coalflake MOX";"may MOX";"peixinho MOX";"Churraaaa MOX";"shazmoon MOX"
"401";"m4ndzin ODK";"mindle ODK";"Aninha ODK";"gabiTê ODK";"gabee ODK";"mizi BD.FE";"blu BD.FE";"Bia BD.FE";"luiza BD.FE";"lule BD.FE"
"402";"Zaki AWK";"Kyarix AWK";"GuterWoman AWK";"Princess AWK";"ZoeLiL AWK";"mmonch FIRE";"JuW FIRE";"Ivy FIRE";"ICamii FIRE";"Chloee FIRE"
"403";"PAULTATO DRG";"maizi DRG";"TvirusLuke DRG";"Death01 DRG";"Nicc DRG";"WEIRDO TYL";"K1te TYL";"qiuye TYL";"MUTE TYL";"vayne TYL"
"404";"slathom999 LFS";"vblack LFS";"Asta LFS";"exotic LFS";"Rababz LFS";"Ichisolo VPRS";"Aeonz VPRS";"Shintaro VPRS";"Berger VPRS";"wes VPRS"
"405";"kawaii iNv";"brax iNv";"Miracle iNv";"Lyy iNv";"Artill iNv";"Star1og NOP";"Neal X NOP";"Aowha NOP";"Revival NOP";"XXXTACO NOP"
"406";"Yort KDM";"Sovano KDM";"Chanyboi KDM";"Narpim KDM";"Che KDM";"markL RNT";"Hotsauz RNT";"JoshS RNT";"Ching RNT";"eugeneS RNT"
"407";"Smoggy EDG";"CHICHOO EDG";"nobody EDG";"Haodong EDG";"ZmjjKK EDG";"ICEKING TTG";"You TTG";"FengF TTG";"heybay TTG";"Flex1n TTG"
"408";"Rio MLT";"KnightRider MLT";"BADlove MLT";"Venka MLT";"BadmaN MLT";"hikkA GDL";"Paradox GDL";"karam1l GDL";"Rexy GDL";"blackhawk GDL"
"409";"tex TGRD";"valyn TGRD";"neT TGRD";"trent TGRD";"JonahP TGRD";"Rossy FaZe";"dicey FaZe";"POISED FaZe";"BABYBAY FaZe";"supamen FaZe"
"410";"david 9z";"Tuli 9z";"rubkkoide 9z";"mizu 9z";"deigara 9z";"tinchoff AK";"NicoMachine AK";"Cebando AK";"leonzhet AK";"fenNy AK"
"411";"dapr G2";"wippie G2";"penny G2";"ShahZaM G2";"OXY G2";"pwny OXG";"Verno OXG";"skuba OXG";"mitch OXG";"randyySAVAGE OXG"
"412";"vaiZ INF";"ligasa INF";"byrf INF";"suther INF";"MatiS INF";"Tio MOX";"ganter MOX";"badzw MOX";"GioRuu MOX";"D1E MOX"
"413";"Knight KONE";"LuoK1ng KONE";"Ninebody KONE";"Yosemite KONE";"sword9 KONE";"Artill iNv";"kawaii iNv";"Lyy iNv";"brax iNv";"Miracle iNv"
"414";"Aeonz VPRS";"Ichisolo VPRS";"Berger VPRS";"Shintaro VPRS";"wes VPRS";"walk on water NCG";"Myd Mathers NCG";"SecondLove NCG";"Johms713 NCG";"Yanagi NCG"
"415";"whzy BLG";"rin BLG";"Lsida BLG";"Kai BLG";"Jem BLG";"ZmjjKK EDG";"CHICHOO EDG";"Haodong EDG";"Smoggy EDG";"nobody EDG"
"416";"dispenser KDM";"Yort KDM";"Narpim KDM";"Chanyboi KDM";"Sovano KDM";"ZYND ZOL";"senyorcarL ZOL";"gnaru ZOL";"PatMen ZOL";"JoshF ZOL"
"417";"pl1xx WBG";"Maple WBG";"nos WBG";"Zoomer WBG";"Dz1n WBG";"lysoar FPX";"Yuicaw FPX";"YuChEn FPX";"AAAAY FPX";"berLIN FPX"
"418";"sh1vy LES";"Rossi LES";"LuciA LES";"Marzil LES";"khelthuzad LES";"hvoya RGE";"Deadly10 RGE";"flabben RGE";"Harshhh RGE";"Mast3r RGE"
"419";"bstrdd TL";"Bizerra TL";"isaa TL";"daiki TL";"Joojina TL";"babZ HMMR";"nAny HMMR";"mooN HMMR";"mizzy HMMR";"Arial HMMR"
"420";"NiSMO M80";"koalanoob M80";"eeiu M80";"johnqt M80";"zander M80";"aproto MxM";"brawk MxM";"thief MxM";"sym MxM";"flyuh MxM"
"421";"JonahP TGRD";"trent TGRD";"tex TGRD";"valyn TGRD";"neT TGRD";"mitch OXG";"randyySAVAGE OXG";"skuba OXG";"Verno OXG";"pwny OXG"
"422";"lissa LOUD";"Jelly LOUD";"let LOUD";"tayhuhu LOUD";"Krysme LOUD";"gabiTê ODK";"mindle ODK";"gabee ODK";"Aninha ODK";"m4ndzin ODK"
"423";"WEIRDO TYL";"qiuye TYL";"K1te TYL";"vayne TYL";"MUTE TYL";"You TTG";"Flex1n TTG";"heybay TTG";"ICEKING TTG";"FengF TTG"
"424";"Laz ZETA";"TENNN ZETA";"Dep ZETA";"crow ZETA";"SugarZ3ro ZETA";"MaKo DRX";"Foxy9 DRX";"stax DRX";"Zest DRX";"Rb DRX"
"425";"monk ASE";"bunt ASE";"Life ASE";"hfmi0dzjc9z7 ASE";"YHchen ASE";"Star1og NOP";"Revival NOP";"XXXTACO NOP";"Aowha NOP";"Neal X NOP"
"426";"Munchkin T1";"Carpe T1";"xeta T1";"iNTRO T1";"Sayaplayer T1";"Bazzi GES";"AYRIN GES";"t3xture GES";"WRONSKI GES";"Monyet GES"
"427";"Nicc DRG";"maizi DRG";"PAULTATO DRG";"TvirusLuke DRG";"Death01 DRG";"Eren NTER";"Spring NTER";"AC NTER";"York NTER";"B3Ar NTER"
"428";"tixx GDR";"vibhoRR GDR";"Autumn GDR";"Ember GDR";"Hoax GDR";"Zey GDL";"astr0 GDL";"Rexy GDL";"hikkA GDL";"karam1l GDL"
"429";"Virtyy FS";"Darker FS";"Mited FS";"theory FS";"edu FS";"Jow 6K";"FreshT 6K";"BandiCoot 6K";"jfoeN 6K";"Feniz 6K"
"430";"MiniNiwde SKC";"Xhowi SKC";"nate SKC";"prask SKC";"Guga SKC";"Dobsha EXL";"woddy EXL";"TwoPotz EXL";"PxS EXL";"Peloncito EXL"
"431";"pl1xx WBG";"nos WBG";"Zoomer WBG";"Maple WBG";"Dz1n WBG";"brax iNv";"Lyy iNv";"Miracle iNv";"Artill iNv";"kawaii iNv"
"432";"Jinggg PRX";"Benkai PRX";"f0rsakeN PRX";"d4v41 PRX";"mindfreak PRX";"Suggest DFM";"takej DFM";"Reita DFM";"Anthem DFM";"xnfri DFM"
"433";"Death01 DRG";"Nicc DRG";"maizi DRG";"PAULTATO DRG";"TvirusLuke DRG";"whzy BLG";"Jem BLG";"rin BLG";"Lsida BLG";"Kai BLG"
"434";"invy TS";"BORKUM TS";"Jremy TS";"DubsteP TS";"JessieVash TS";"JitBoyS TLN";"Patt TLN";"garnetS TLN";"foxz TLN";"Crws TLN"
"435";"bunt ASE";"hfmi0dzjc9z7 ASE";"Life ASE";"monk ASE";"YHchen ASE";"LuoK1ng KONE";"sword9 KONE";"Ninebody KONE";"Yosemite KONE";"Knight KONE"
"436";"MiniBoo CASE";"Yurii CASE";"Kiles CASE";"roxie CASE";"ease CASE";"Burzzy SUP";"CyderX SUP";"sterben SUP";"Elite SUP";"Izzy SUP"
"437";"azys OGS";"rawfiul OGS";"LeVi OGS";"tesseract OGS";"Antidote OGS";"Kishi ASTR";"wink ASTR";"DominiK ASTR";"DOXZ3R ASTR";"Kohliii ASTR"
"438";"Feniz 6K";"Jow 6K";"jfoeN 6K";"BandiCoot 6K";"FreshT 6K";"Dobsha EXL";"woddy EXL";"PxS EXL";"TwoPotz EXL";"Peloncito EXL"
"439";"xffero RRQ";"2ge RRQ";"fl1pzjder RRQ";"EJAY RRQ";"Lmemore RRQ";"Meteor GEN";"GodDead GEN";"k1Ng GEN";"eKo GEN";"TS GEN"
"440";"Boaster FNC";"Chronicle FNC";"Leo FNC";"kamyk FNC";"Derke FNC";"Cloud GIA";"nukkye GIA";"hoody GIA";"Fit1nho GIA";"rhyme GIA"
"441";"sheydos KOI";"trexx KOI";"starxo KOI";"koldamenta KOI";"Wolfen KOI";"cNed NAVI";"ANGE1 NAVI";"Shao NAVI";"Zyppan NAVI";"SUYGETSU NAVI"
"442";"kuiM 9z.GC";"Daiyana 9z.GC";"ponix 9z.GC";"Adenina 9z.GC";"Syuz 9z.GC";"conir KRÜ.B";"micaela KRÜ.B";"kalita KRÜ.B";"shyz KRÜ.B";"romi KRÜ.B"
"443";"DAVINCI BB";"Rico BB";"DenO BB";"YAYA BB";"SID BB";"kobra CGZ";"MrTenzouEz CGZ";"GON CGZ";"marin CGZ";"sakurai CGZ"
"444";"xyNe HDE";"zharwow HDE";"Kylee HDE";"natz HDE";"k1ngkappa HDE";"blaZek1ng BME";"Famouz BME";"Shiro BME";"Cud BME";"severiNe BME"
"445";"m0rea BTR";"sayoo BTR";"frostmind BTR";"ZesBeeW BTR";"NcSlasher BTR";"Flynch LCR";"kuroza LCR";"RIZKYMD LCR";"axeLiNh0 LCR";"blood LCR"
"446";"TETO NxT";"SawadaHotal NxT";"Ippanjinnoarare NxT";"SHITE NxT";"Shien NxT";"Gb0x SYS";"Suke SYS";"Rem SYS";"YuuMac SYS";"FIESTAK SYS"
"447";"Lilo ARF";"Nay ARF";"no1syboy ARF";"mikalulba ARF";"vascalizz ARF";"klipp DEWA";"Dragy DEWA";"heyNF DEWA";"FrizzNatsz DEWA";"P1ERCEE DEWA"
"448";"AvovA TH";"Boo TH";"Mixwell TH";"keloqz TH";"zeek TH";"qw1 FUT";"MrFaliN FUT";"qRaxs FUT";"AtaKaptan FUT";"MOJJ FUT"
"449";"Sayf TL";"Jamppi TL";"nAts TL";"soulcas TL";"Redgar TL";"BONECOLD VIT";"Destrian VIT";"MOLSI VIT";"Twisten VIT";"ceNder VIT"
"450";"riku DSG";"XXiF DSG";"steel DSG";"clear DSG";"Genghsta DSG";"NaturE TSM";"Kanpeki TSM";"seven TSM";"corey TSM";"gMd TSM"
"451";"autumn SNX.F";"Hinataa SNX.F";"MiwaS SNX.F";"natu SNX.F";"Mcfly SNX.F";"reshi GET";"Lynn2 GET";"frantastic GET";"Flossie GET";"azul GET"
"452";"supamen FaZe";"dicey FaZe";"POISED FaZe";"Rossy FaZe";"BABYBAY FaZe";"penny G2";"dapr G2";"ShahZaM G2";"wippie G2";"OXY G2"
"453";"mmonch FIRE";"Ivy FIRE";"JuW FIRE";"ICamii FIRE";"Chloee FIRE";"Zalirah AKV";"Fire AKV";"Novi AKV";"Vaquita AKV";"Karen AKV"
"454";"Lilo ARF";"vascalizz ARF";"no1syboy ARF";"Nay ARF";"mikalulba ARF";"RiseN DOM";"ray4c DOM";"ValdyN DOM";"carrace DOM";"gotten DOM"
"455";"Spring NTER";"B3Ar NTER";"AC NTER";"York NTER";"Eren NTER";"Flex1n TTG";"heybay TTG";"FengF TTG";"You TTG";"ICEKING TTG"
"456";"LOB FAV";"Minty FAV";"Phantom FAV";"JanOwO FAV";"bazz FAV";"YAYA BB";"Rico BB";"SID BB";"DenO BB";"DAVINCI BB"
"457";"klipp DEWA";"heyNF DEWA";"FrizzNatsz DEWA";"Dragy DEWA";"P1ERCEE DEWA";"adrnking AE";"Kush AE";"Asteriskk AE";"Eeyore AE";"deLb AE"
"458";"ZYND ZOL";"JoshF ZOL";"PatMen ZOL";"senyorcarL ZOL";"gnaru ZOL";"NDG NAOS";"JA NAOS";"Witz NAOS";"Mojer NAOS";"PapiChulo NAOS"
"459";"lysoar FPX";"YuChEn FPX";"Yuicaw FPX";"berLIN FPX";"AAAAY FPX";"Star1og NOP";"Neal X NOP";"Revival NOP";"XXXTACO NOP";"Aowha NOP"
"460";"PTC MiTH";"AloNeFillz MiTH";"b3ta MiTH";"Kadoom MiTH";"kongared MiTH";"Leviathan SPE";"BossShi SPE";"PinOcchiOs SPE";"Chainyyy SPE";"Acetics SPE"
"461";"Fisker SG";"gatorada SG";"NOBITA SG";"Misaya SG";"Npoint SG";"YuuMac SYS";"Rem SYS";"FIESTAK SYS";"Suke SYS";"Gb0x SYS"
"462";"sScary BLD";"Juicy BLD";"nephh BLD";"crazyguy BLD";"Deryeon BLD";"Vera X10";"Egoist X10";"wayne X10";"Tempz X10";"RedKoh X10"
"463";"Flynch LCR";"axeLiNh0 LCR";"Rapheleen LCR";"kuroza LCR";"RIZKYMD LCR";"k1ngkappa HDE";"zharwow HDE";"Kylee HDE";"natz HDE";"xyNe HDE"
"464";"Johms713 NCG";"Myd Mathers NCG";"walk on water NCG";"SecondLove NCG";"Yanagi NCG";"Georggyyy OAS";"xavi8k OAS";"markyy OAS";"Nexi OAS";"Draxii OAS"
"465";"ZmjjKK EDG";"nobody EDG";"Smoggy EDG";"CHICHOO EDG";"Haodong EDG";"K1te TYL";"WEIRDO TYL";"MUTE TYL";"qiuye TYL";"vayne TYL"
"466";"Kntz CRT";"Reality CRT";"niffy CRT";"Sephiroth CRT";"maitee CRT";"pedio CAP";"KhanBigD CAP";"Kromex CAP";"BLAZT56 CAP";"Squenzer CAP"
"467";"Kakarot MDL";"jEEE MDL";"FOX MDL";"ezzy MDL";"tricky MDL";"LeVi OGS";"Antidote OGS";"azys OGS";"tesseract OGS";"rawfiul OGS"
"468";"cNed NAVI";"SUYGETSU NAVI";"Zyppan NAVI";"Shao NAVI";"ANGE1 NAVI";"nukkye GIA";"Cloud GIA";"Fit1nho GIA";"hoody GIA";"rhyme GIA"
"469";"Nivera KC";"xms KC";"ScreaM KC";"Newzera KC";"sh1n KC";"SouhcNi BBL";"QutionerX BBL";"Brave BBL";"Turko BBL";"AsLanM4shadoW BBL"
"470";"zander M80";"NiSMO M80";"eeiu M80";"johnqt M80";"koalanoob M80";"JonahP TGRD";"tex TGRD";"valyn TGRD";"neT TGRD";"trent TGRD"
"471";"skuba OXG";"mitch OXG";"Verno OXG";"randyySAVAGE OXG";"pwny OXG";"seven TSM";"NaturE TSM";"Kanpeki TSM";"corey TSM";"gMd TSM"
"472";"wanheda AWK";"GuterWoman AWK";"ZoeLiL AWK";"Kyarix AWK";"Zaki AWK";"LiNLiN LEV.GC";"Subiboo LEV.GC";"leah LEV.GC";"miku LEV.GC";"shuuren LEV.GC"
"473";"flyuh MxM";"brawk MxM";"thief MxM";"sym MxM";"aproto MxM";"dapr G2";"OXY G2";"wippie G2";"penny G2";"ShahZaM G2"
"474";"Kr1stal SZ";"Jemkin SZ";"Allen SZ";"Yoshiii SZ";"TORANECO SZ";"marin CGZ";"GON CGZ";"kobra CGZ";"MrTenzouEz CGZ";"sakurai CGZ"
"475";"Miracle iNv";"kawaii iNv";"brax iNv";"Lyy iNv";"Artill iNv";"berLIN FPX";"YuChEn FPX";"Yuicaw FPX";"AAAAY FPX";"lysoar FPX"
"476";"gotten DOM";"carrace DOM";"RiseN DOM";"ray4c DOM";"ValdyN DOM";"P1ERCEE DEWA";"klipp DEWA";"Dragy DEWA";"heyNF DEWA";"FrizzNatsz DEWA"
"477";"Brofeld JDT";"iZu JDT";"Art JDT";"Akame JDT";"muto JDT";"Shien NxT";"SawadaHotal NxT";"TETO NxT";"Ippanjinnoarare NxT";"SHITE NxT"
"478";"Aeonyx GLAB";"Owen q t GLAB";"Boogeyyy GLAB";"FallX GLAB";"Dr1ch GLAB";"Ching RNT";"JoshS RNT";"eugeneS RNT";"Hotsauz RNT";"markL RNT"
"479";"Flex1n TTG";"FengF TTG";"heybay TTG";"You TTG";"ICEKING TTG";"rin BLG";"Kai BLG";"Web BLG";"whzy BLG";"Lsida BLG"
"480";"Rainy ONE";"ChiaWei ONE";"YanLi ONE";"W1nner ONE";"XyuS ONE";"Sing AEEC";"MrCANI AEEC";"trinity AEEC";"jkuro AEEC";"PPD AEEC"
"481";"m0rea BTR";"ZesBeeW BTR";"NcSlasher BTR";"frostmind BTR";"sayoo BTR";"mikalulba ARF";"Nay ARF";"no1syboy ARF";"vascalizz ARF";"Lilo ARF"
"482";"Potter AAA";"basbabe AAA";"ChAlalala AAA";"LAMMYSNAX AAA";"Raigard AAA";"siraphop XIA";"RoLEX XIA";"aLerT XIA";"LBY XIA";"xZe XIA"
"483";"thiefy IGZ";"oitaN IGZ";"Norisen IGZ";"RIPablo IGZ";"GangPin IGZ";"Moothie NTH";"TenTen NTH";"BlackWiz NTH";"Derialy NTH";"wai NTH"
"484";"Aowha NOP";"Neal X NOP";"XXXTACO NOP";"Star1og NOP";"Revival NOP";"Knight KONE";"Ninebody KONE";"LuoK1ng KONE";"Yosemite KONE";"sword9 KONE"
"485";"YuKai GCS";"KeyNeS GCS";"Kang GCS";"aNkAs GCS";"twistzz GCS";"GGHuiii OF";"hypathor OF";"CHIMEI OF";"coconut OF";"Kiuuuu OF"
"486";"SoCoolSoDa NKT";"real NKT";"qqGOD NKT";"Laz NKT";"JAIGRAYRAY NKT";"Teerapong FS";"Apinya FS";"JohnOlsen FS";"THEE FS";"Fluky FS"
"487";"Rio MLT";"KnightRider MLT";"BadmaN MLT";"BADlove MLT";"Venka MLT";"psydreams GDR";"Autumn GDR";"tixx GDR";"Hoax GDR";"vibhoRR GDR"
"488";"Sayf TL";"Redgar TL";"Jamppi TL";"nAts TL";"soulcas TL";"qRaxs FUT";"AtaKaptan FUT";"MOJJ FUT";"qw1 FUT";"MrFaliN FUT"
"489";"Wolfen KOI";"sheydos KOI";"koldamenta KOI";"starxo KOI";"trexx KOI";"Twisten VIT";"MOLSI VIT";"ceNder VIT";"BONECOLD VIT";"Destrian VIT"
"490";"Tuli 9z";"david 9z";"deigara 9z";"mizu 9z";"rubkkoide 9z";"byrf INF";"vaiZ INF";"suther INF";"ligasa INF";"MatiS INF"
"491";"kobra CGZ";"GON CGZ";"MrTenzouEz CGZ";"sakurai CGZ";"marin CGZ";"bazz FAV";"LOB FAV";"JanOwO FAV";"Phantom FAV";"Minty FAV"
"492";"Death01 DRG";"PAULTATO DRG";"TvirusLuke DRG";"Nicc DRG";"maizi DRG";"CHICHOO EDG";"Haodong EDG";"ZmjjKK EDG";"Smoggy EDG";"nobody EDG"
"493";"RiseN DOM";"ValdyN DOM";"ray4c DOM";"carrace DOM";"gotten DOM";"ZesBeeW BTR";"m0rea BTR";"sayoo BTR";"frostmind BTR";"NcSlasher BTR"
"494";"SawadaHotal NxT";"TETO NxT";"Ippanjinnoarare NxT";"SHITE NxT";"Shien NxT";"NOBITA SG";"gatorada SG";"Npoint SG";"Fisker SG";"Misaya SG"
"495";"Maple WBG";"Dz1n WBG";"Zoomer WBG";"nos WBG";"pl1xx WBG";"bunt ASE";"Life ASE";"YHchen ASE";"monk ASE";"hfmi0dzjc9z7 ASE"
"496";"zhen S2";"mikasa S2";"jaymomo S2";"moon S2";"Saikoro S2";"QueYa ROA";"ThEZhaN ROA";"4kxxx ROA";"Away ROA";"Unhappy ROA"
"497";"Kush AE";"adrnking AE";"Eeyore AE";"deLb AE";"Asteriskk AE";"Shiro BME";"blaZek1ng BME";"Famouz BME";"severiNe BME";"BerserX BME"
"498";"aLerT XIA";"RoLEX XIA";"siraphop XIA";"LBY XIA";"xZe XIA";"SoCoolSoDa NKT";"real NKT";"qqGOD NKT";"JAIGRAYRAY NKT";"Laz NKT"
"499";"oitaN IGZ";"GangPin IGZ";"RIPablo IGZ";"Norisen IGZ";"thiefy IGZ";"citrous FCS";"hideonsmoke FCS";"maruco FCS";"KomIkku FCS";"Zan FCS"
"500";"nephh BLD";"sScary BLD";"Deryeon BLD";"crazyguy BLD";"Juicy BLD";"SHINSEI KZ";"Riza KZ";"kimmy KZ";"bryce KZ";"Flaring KZ"
"501";"exotic MVP";"vblack MVP";"slathom999 MVP";"Hydra MVP";"Asta MVP";"ZYND ZOL";"senyorcarL ZOL";"gnaru ZOL";"PatMen ZOL";"JoshF ZOL"
"502";"Spring NTER";"Fuller NTER";"AC NTER";"Eren NTER";"B3Ar NTER";"MUTE TYL";"SORRYMYBAD TYL";"qiuye TYL";"WEIRDO TYL";"K1te TYL"
"503";"WsLeo UTT";"KTSS UTT";"Land UTT";"BigFat69x UTT";"Kessariya UTT";"yTao GA";"Bea2 GA";"kilobb GA";"Hukz GA";"axiongk1ng GA"
"504";"LAMMYSNAX AAA";"basbabe AAA";"Potter AAA";"ChAlalala AAA";"XC3 AAA";"Squenzer CAP";"Kromex CAP";"pedio CAP";"KhanBigD CAP";"BLAZT56 CAP"
"505";"Vera X10";"wayne X10";"Egoist X10";"Tempz X10";"RedKoh X10";"LEXY BBP";"grumble BBP";"DxN BBP";"Moosey BBP";"Shun BBP"
"506";"Kishi ASTR";"DOXZ3R ASTR";"wink ASTR";"DominiK ASTR";"Kohliii ASTR";"Marzil LES";"LuciA LES";"Rossi LES";"sh1vy LES";"khelthuzad LES"
"507";"Derke FNC";"Chronicle FNC";"Leo FNC";"kamyk FNC";"Boaster FNC";"QutionerX BBL";"AsLanM4shadoW BBL";"SouhcNi BBL";"Turko BBL";"Brave BBL"
"508";"keloqz TH";"zeek TH";"AvovA TH";"Boo TH";"Mixwell TH";"ScreaM KC";"Nivera KC";"sh1n KC";"xms KC";"Newzera KC"
"509";"Virtyy FS";"Darker FS";"Mited FS";"theory FS";"edu FS";"Jow 6K";"Feniz 6K";"BandiCoot 6K";"FreshT 6K";"jfoeN 6K"
"510";"Aowha NOP";"Star1og NOP";"Neal X NOP";"XXXTACO NOP";"Revival NOP";"Maple WBG";"pl1xx WBG";"nos WBG";"Zoomer WBG";"Dz1n WBG"
"511";"TENNN ZETA";"crow ZETA";"SugarZ3ro ZETA";"Dep ZETA";"Laz ZETA";"Lmemore RRQ";"EJAY RRQ";"2ge RRQ";"xffero RRQ";"fl1pzjder RRQ"
"512";"CHICHOO EDG";"nobody EDG";"Haodong EDG";"ZmjjKK EDG";"Smoggy EDG";"Spring NTER";"Eren NTER";"B3Ar NTER";"AC NTER";"Fuller NTER"
"513";"Patt TLN";"Crws TLN";"foxz TLN";"garnetS TLN";"Sushiboys TLN";"Sayaplayer T1";"Carpe T1";"xeta T1";"Munchkin T1";"ban T1"
"514";"YuChEn FPX";"lysoar FPX";"berLIN FPX";"Yuicaw FPX";"AAAAY FPX";"Yosemite KONE";"Ninebody KONE";"LuoK1ng KONE";"Knight KONE";"sword9 KONE"
"515";"glovee GAL";"ip0TT GAL";"musz3kk GAL";"DESTRUCT1VEE GAL";"JN3v1cEEE GAL";"Burzzy SUP";"Elite SUP";"CyderX SUP";"Izzy SUP";"sterben SUP"
"516";"tomaszy SAW";"Fizzy SAW";"DaviH SAW";"Bati SAW";"Addicted SAW";"rlz EX0";"Aqua EX0";"Fragger EX0";"mochi EX0";"nasK EX0"
"517";"Click LTS";"Kicks LTS";"Nikoluk LTS";"SEIDER LTS";"jkR LTS";"Felix ATN";"Ambi ATN";"xanarchy ATN";"bucher ATN";"STAVINCI ATN"
"518";"astr0 GDL";"Zey GDL";"Rexy GDL";"karam1l GDL";"hikkA GDL";"DEATHMAKER VLTG";"ec1s VLTG";"doma VLTG";"hellff VLTG";"Excali VLTG"
"519";"furyan FTW";"Ptf0x FTW";"sww FTW";"symoN FTW";"aztex FTW";"fainz EGN";"Phatt EGN";"silenttt EGN";"al1en EGN";"Dext EGN"
"520";"Musyka OP";"Ivan4ezz OP";"Anq OP";"Felox OP";"Nanogxn OP";"Bgg MCK";"Byron MCK";"Z3RO MCK";"Alan MCK";"mass3R MCK"
"521";"RobbieBk GTZ";"k1zpawn GTZ";"kamo GTZ";"starkk GTZ";"OLIZERA GTZ";"Ds 14VK";"brk 14VK";"VTaguT 14VK";"GrTw 14VK";"KenzmPs 14VK"
"522";"sturNN FB";"Rosé FB";"Best FB";"m1tez FB";"w0zzip FB";"lurzy0y0 S2G";"russ S2G";"RieNs S2G";"reazy S2G";"pAura S2G"
"523";"AndreSG PNT";"Akira PNT";"Sandro PNT";"tripsy PNT";"k4nzo PNT";"zePiCzz IGW";"lekyy IGW";"Dolfo IGW";"HolyM0Ly IGW";"Minikid IGW"
"524";"ShonP NOM";"Rave NOM";"YouBreak NOM";"luckeRRR NOM";"Zik NOM";"grubinho ANM";"xuss ANM";"Stix ANM";"Katu ANM";"snikk ANM"
"525";"zekken SEN";"TenZ SEN";"Sacy SEN";"pANcada SEN";"dephh SEN";"Asuna 100T";"stellar 100T";"bang 100T";"Derrek 100T";"Cryocells 100T"
"526";"wackie DSY";"caydeN DSY";"Tag DSY";"xazyy DSY";"feqew DSY";"Braso HMB";"denzo HMB";"KnightVoice HMB";"Morphiius HMB";"Lando HMB"
"527";"Minny EP";"alexiiik EP";"benjyfishy EP";"Cantzer EP";"MaFiN EP";"arbie RN";"Kwixy RN";"ikke RN";"Chadi RN";"hussaR RN"
"528";"EduCoz QLSH";"soRa QLSH";"SparkeR QLSH";"rhagee QLSH";"LOMBA QLSH";"AFoxx GMT";"HearthBeat GMT";"marteen GMT";"N A I S GMT";"bipo GMT"
"529";"Klaus KRÜ";"keznit KRÜ";"DaveeyS KRÜ";"NagZ KRÜ";"Melser KRÜ";"Khalil FUR";"Mazin FUR";"Quick FUR";"dgzin FUR";"mwzera FUR"
"530";"FengF TTG";"Flex1n TTG";"You TTG";"heybay TTG";"ICEKING TTG";"maizi DRG";"TvirusLuke DRG";"Death01 DRG";"Nicc DRG";"PAULTATO DRG"
"531";"DubsteP TS";"Jremy TS";"BORKUM TS";"JessieVash TS";"invy TS";"d4v41 PRX";"Benkai PRX";"Jinggg PRX";"mindfreak PRX";"f0rsakeN PRX"
"532";"Artill iNv";"brax iNv";"kawaii iNv";"Lyy iNv";"Miracle iNv";"Life ASE";"monk ASE";"hfmi0dzjc9z7 ASE";"bunt ASE";"YHchen ASE"
"533";"TS GEN";"k1Ng GEN";"GodDead GEN";"Sylvan GEN";"Meteor GEN";"Suggest DFM";"xnfri DFM";"takej DFM";"Anthem DFM";"Reita DFM"
"534";"rin BLG";"Kai BLG";"whzy BLG";"Lsida BLG";"Web BLG";"qiuye TYL";"MUTE TYL";"K1te TYL";"SORRYMYBAD TYL";"WEIRDO TYL"
"535";"Sandro PNT";"k4nzo PNT";"AndreSG PNT";"Akira PNT";"tripsy PNT";"KenzmPs 14VK";"VTaguT 14VK";"GrTw 14VK";"Ds 14VK";"brk 14VK"
"536";"murii MOUZ";"al0rante MOUZ";"Filu MOUZ";"Obnoks MOUZ";"iluri MOUZ";"canefis UOL";"Treelover UOL";"Luc1d UOL";"eleo UOL";"nico UOL"
"537";"Kakarot MDL";"FOX MDL";"jEEE MDL";"tricky MDL";"ezzy MDL";"flabben RGE";"Deadly10 RGE";"hvoya RGE";"Harshhh RGE";"Mast3r RGE"
"538";"Fizzy SAW";"Bati SAW";"tomaszy SAW";"Addicted SAW";"DaviH SAW";"HolyM0Ly IGW";"lekyy IGW";"Minikid IGW";"zePiCzz IGW";"Dolfo IGW"
"539";"xiTsha Z10";"jas Z10";"nyczu Z10";"qxv Z10";"kenobi Z10";"PROFEK DIA";"Grmekista DIA";"paTiTek DIA";"Prti DIA";"runneR DIA"
"540";"symoN FTW";"sww FTW";"aztex FTW";"furyan FTW";"Ptf0x FTW";"starkk GTZ";"k1zpawn GTZ";"kamo GTZ";"RobbieBk GTZ";"OLIZERA GTZ"
"541";"arbie RN";"ikke RN";"Chadi RN";"Kwixy RN";"hussaR RN";"ALIVE ACE";"baddyG ACE";"musashi ACE";"Br0die ACE";"MONSTEERR ACE"
"542";"Ruxic DATH";"lauress DATH";"DeepMans DATH";"cacan DATH";"Masic DATH";"XiSTOU IWC";"mini IWC";"7ssk7 IWC";"Toronto IWC";"braveaf IWC"
"543";"marteen GMT";"HearthBeat GMT";"N A I S GMT";"AFoxx GMT";"bipo GMT";"feqew DSY";"xazyy DSY";"wackie DSY";"caydeN DSY";"Tag DSY"
"544";"rlz EX0";"mochi EX0";"Fragger EX0";"nasK EX0";"Aqua EX0";"silenttt EGN";"Phatt EGN";"Dext EGN";"al1en EGN";"fainz EGN"
"545";"luckeRRR NOM";"ShonP NOM";"Zik NOM";"Rave NOM";"YouBreak NOM";"benjyfishy EP";"alexiiik EP";"Cantzer EP";"Minny EP";"MaFiN EP"
"546";"Less LOUD";"aspas LOUD";"saadhak LOUD";"tuyz LOUD";"cauanzin LOUD";"jzz MIBR";"heat MIBR";"RgLMeister MIBR";"murizzz MIBR";"frz MIBR"
"547";"Musyka OP";"Ivan4ezz OP";"Anq OP";"Nanogxn OP";"Felox OP";"soRa QLSH";"rhagee QLSH";"EduCoz QLSH";"LOMBA QLSH";"SparkeR QLSH"
"548";"Hitch TBD";"Freyy TBD";"tatzuki TBD";"pyrolll TBD";"ALMO TBD";"KhA GN";"fanboy GN";"tsack GN";"eXampL GN";"TheoW GN"
"549";"Pax AXL";"basya AXL";"Limp AXL";"Reason AXL";"RickyVaila AXL";"mass3R MCK";"Alan MCK";"Bgg MCK";"Byron MCK";"Z3RO MCK"
"550";"BcJ EG";"C0M EG";"jawgemo EG";"Boostio EG";"Ethan EG";"Zellsis C9";"jakee C9";"Xeppaa C9";"runi C9";"leaf C9"
"551";"Monyet GES";"WRONSKI GES";"t3xture GES";"AYRIN GES";"Bazzi GES";"Foxy9 DRX";"stax DRX";"BuZz DRX";"Rb DRX";"MaKo DRX"
"552";"Motaa FTW";"symoN FTW";"furyan FTW";"sww FTW";"Ptf0x FTW";"AndreSG PNT";"Sandro PNT";"k4nzo PNT";"Akira PNT";"tripsy PNT"
"553";"nasK EX0";"mochi EX0";"rlz EX0";"Fragger EX0";"Aqua EX0";"OLIZERA GTZ";"k1zpawn GTZ";"RobbieBk GTZ";"kamo GTZ";"starkk GTZ"
"554";"vong LPB";"KRAY LPB";"L1NK LPB";"Luzuh LPB";"Russ LPB";"vakk who?";"chiwawa who?";"AKIMB0 who?";"mishu who?";"Radski who?"
"555";"basya AXL";"Reason AXL";"Pax AXL";"RickyVaila AXL";"Vyct0r AXL";"denzo HMB";"Braso HMB";"KnightVoice HMB";"Lando HMB";"looM HMB"
"556";"Fizzy SAW";"tomaszy SAW";"Bati SAW";"Addicted SAW";"DaviH SAW";"silenttt EGN";"Phatt EGN";"fainz EGN";"al1en EGN";"Dext EGN"
"557";"Leosen OVA";"Happen OVA";"DisisJohn OVA";"Matrixx OVA";"Varlas OVA";"Obnoks MOUZ";"iluri MOUZ";"murii MOUZ";"Filu MOUZ";"al0rante MOUZ"
"558";"yetujey FF";"Jlerst FF";"Wo0t FF";"sociablEE FF";"jeyj7y FF";"Elite SUP";"Izzy SUP";"sterben SUP";"CyderX SUP";"Burzzy SUP"
"559";"Anq OP";"Musyka OP";"Felox OP";"Ivan4ezz OP";"Nanogxn OP";"wackie DSY";"feqew DSY";"xazyy DSY";"caydeN DSY";"Tag DSY"
"560";"brk 14VK";"VTaguT 14VK";"Ds 14VK";"KenzmPs 14VK";"GrTw 14VK";"HolyM0Ly IGW";"Dolfo IGW";"lekyy IGW";"Minikid IGW";"zePiCzz IGW"
"561";"kiNgg LEV";"Mazino LEV";"Shyy LEV";"nzr LEV";"Tacolilla LEV";"Victor NRG";"s0m NRG";"FNS NRG";"ardiis NRG";"crashies NRG"
"562";"AFoxx GMT";"marteen GMT";"HearthBeat GMT";"N A I S GMT";"bipo GMT";"Byron MCK";"Z3RO MCK";"mass3R MCK";"Bgg MCK";"Alan MCK"
"563";"xanarchy ATN";"bucher ATN";"Felix ATN";"STAVINCI ATN";"Ambi ATN";"Luc1d UOL";"canefis UOL";"nico UOL";"eleo UOL";"Treelover UOL"
"564";"YaBoiLewis FKS";"JUGi FKS";"waddle FKS";"KPZET FKS";"Lime FKS";"Jaf CLS";"Azzii CLS";"Alyx CLS";"Stokesy CLS";"daki CLS"
"565";"zharwow HDE";"k1ngkappa HDE";"xyNe HDE";"natz HDE";"Peekaboo HDE";"NcSlasher BTR";"ZesBeeW BTR";"sayoo BTR";"m0rea BTR";"frostmind BTR"
"566";"playerr PanD";"x3b PanD";"Midi PanD";"XiYiJi PanD";"Jk PanD";"HooXI TJD";"k1omatic TJD";"daft TJD";"MaDonX TJD";"XIao5 TJD"
"567";"Nay ARF";"no1syboy ARF";"vascalizz ARF";"mikalulba ARF";"Lilo ARF";"blaZek1ng BME";"Cud BME";"Shiro BME";"Famouz BME";"severiNe BME"
"568";"Boogeyyy GLAB";"Dr1ch GLAB";"FallX GLAB";"Aeonyx GLAB";"Owen q t GLAB";"Myd Mathers NCG";"Johms713 NCG";"walk on water NCG";"ABATMAN NCG";"Yanagi NCG"
"569";"FrizzNatsz DEWA";"heyNF DEWA";"Dragy DEWA";"P1ERCEE DEWA";"klipp DEWA";"Rapheleen LCR";"Flynch LCR";"axeLiNh0 LCR";"kuroza LCR";"RIZKYMD LCR"
"570";"Mojer NAOS";"NDG NAOS";"PapiChulo NAOS";"JA NAOS";"Witz NAOS";"markyy OAS";"xavi8k OAS";"Georggyyy OAS";"Draxii OAS";"Nexi OAS"
"571";"Lynn2 GET";"reshi GET";"Flossie GET";"azul GET";"frantastic GET";"Coalflake MOX";"peixinho MOX";"shazmoon MOX";"Churraaaa MOX";"may MOX"
"572";"wanheda AWK";"GuterWoman AWK";"ZoeLiL AWK";"Kyarix AWK";"Zaki AWK";"Novi AKV";"Vaquita AKV";"Karen AKV";"Zalirah AKV";"Fire AKV"
"573";"Miracle iNv";"brax iNv";"Artill iNv";"Kelele iNv";"Lyy iNv";"playerr PanD";"Midi PanD";"x3b PanD";"XiYiJi PanD";"Jk PanD"
"574";"Asteriskk AE";"deLb AE";"Kush AE";"adrnking AE";"Eeyore AE";"ValdyN DOM";"ray4c DOM";"gotten DOM";"RiseN DOM";"carrace DOM"
"575";"Fidelwow HDE";"zharwow HDE";"Peekaboo HDE";"k1ngkappa HDE";"xyNe HDE";"Dragy DEWA";"heyNF DEWA";"P1ERCEE DEWA";"FrizzNatsz DEWA";"klipp DEWA"
"576";"9st NWG";"XiaoFei1 NWG";"cxyy NWG";"barricade NWG";"happywei NWG";"d3ffo GK";"diseased GK";"Mirorr GK";"Noah GK";"Babyblue GK"
"577";"Leviathan SPE";"Changee SPE";"PinOcchiOs SPE";"Acetics SPE";"Chainyyy SPE";"Sephiroth CRT";"Kntz CRT";"Reality CRT";"maitee CRT";"niffy CRT"
"578";"Xan ENGM";"artn ENGM";"STYRON ENGM";"Divine ENGM";"FREY ENGM";"Retla T30";"benaf T30";"shiba T30";"dzii T30";"Brxndon T30"
"579";"Flynch LCR";"axeLiNh0 LCR";"blood LCR";"kuroza LCR";"RIZKYMD LCR";"Famouz BME";"Shiro BME";"blaZek1ng BME";"severiNe BME";"BerserX BME"
"580";"eugeneS RNT";"markL RNT";"Ching RNT";"Hotsauz RNT";"JoshS RNT";"Mojer NAOS";"JA NAOS";"NDG NAOS";"PapiChulo NAOS";"Witz NAOS"
"581";"b3ta MiTH";"Kadoom MiTH";"AloNeFillz MiTH";"kongared MiTH";"PTC MiTH";"Apinya FS";"Fluky FS";"THEE FS";"JohnOlsen FS";"Teerapong FS"
"582";"Sui 4AM";"Strawberrycc 4AM";"XuAN 4AM";"Ace 4AM";"Bing9z 4AM";"shuaishuai NH";"Smi1e NH";"BEXEY NH";"XiaoMiRen NH";"JUMPBENG NH"
"583";"Mast3r RGE";"hvoya RGE";"flabben RGE";"Deadly10 RGE";"Harshhh RGE";"Kishi ASTR";"DOXZ3R ASTR";"wink ASTR";"DominiK ASTR";"Kohliii ASTR"
"584";"ceNder VIT";"MOLSI VIT";"Destrian VIT";"BONECOLD VIT";"Twisten VIT";"AtaKaptan FUT";"qw1 FUT";"qRaxs FUT";"MrFaliN FUT";"MOJJ FUT"
"585";"autumn SNX.F";"Mcfly SNX.F";"Hinataa SNX.F";"natu SNX.F";"MiwaS SNX.F";"Syuz 9z.GC";"ponix 9z.GC";"Daiyana 9z.GC";"Adenina 9z.GC";"kuiM 9z.GC"
"586";"tupperware DSG";"Kyedae DSG";"QuarterJade DSG";"tenzin DSG";"Sydeon DSG";"KUDFPS SHFT";"ELLEFPS SHFT";"toi SHFT";"ari SHFT";"Ames SHFT"
"587";"Australis ARI";"wavy ARI";"angil ARI";"m1yu ARI";"lunah ARI";"luna GRT";"Yuuki GRT";"Dihawk GRT";"guba GRT";"Thund3r0us GRT"
"588";"Jia FS.X";"Dano FS.X";"Zaraexe FS.X";"Bunnileyah FS.X";"Raquinuki FS.X";"ICamii FIRE";"mmonch FIRE";"Ivy FIRE";"JuW FIRE";"Chloee FIRE"
"589";"AAK RNG";"SWERL RNG";"Xiaonuo RNG";"Zcc RNG";"signed RNG";"Zeno KZ";"Strive KZ";"Hao KZ";"Lucifer KZ";"Libra KZ"
"590";"r0serade DOM";"carrace DOM";"gotten DOM";"RiseN DOM";"ray4c DOM";"xyNe HDE";"zharwow HDE";"k1ngkappa HDE";"natz HDE";"Fidelwow HDE"
"591";"vex KTS";"Rags KTS";"iBrocky KTS";"Lomu KTS";"Noir KTS";"Muzz MEC";"DARK MEC";"loubert MEC";"kwon MEC";"Layline MEC"
"592";"YiHao RA";"Spitfires RA";"Viva RA";"MarT1n RA";"Edge1337 RA";"Chaob ME";"Pinklove ME";"Link ME";"8luA ME";"FFs ME"
"593";"lg1c xyz";"Alucard xyz";"maine desu xyz";"ezk xyz";"songry xyz";"FETA NERD";"MILKY NERD";"McKinley NERD";"BiggieCheese NERD";"Sinaway NERD"
"594";"Saikoro S2";"jaymomo S2";"mikasa S2";"zhen S2";"moon S2";"Hukz GA";"kilobb GA";"QueenElise GA";"Bea2 GA";"yTao GA"
"595";"RIZKYMD LCR";"axeLiNh0 LCR";"kuroza LCR";"Flynch LCR";"blood LCR";"Eeyore AE";"adrnking AE";"deLb AE";"Kush AE";"Asteriskk AE"
"596";"Raigard AAA";"ChAlalala AAA";"Potter AAA";"LAMMYSNAX AAA";"basbabe AAA";"Leviathan SPE";"PinOcchiOs SPE";"Chainyyy SPE";"Acetics SPE";"Changee SPE"
"597";"Juicy BLD";"crazyguy BLD";"Deryeon BLD";"sScary BLD";"nephh BLD";"joshh BBP";"Shun BBP";"Moosey BBP";"DxN BBP";"grumble BBP"
"598";"Unhappy ROA";"Away ROA";"QueYa ROA";"ThEZhaN ROA";"4kxxx ROA";"GGHuiii OF";"Kiuuuu OF";"coconut OF";"CHIMEI OF";"hypathor OF"
"599";"THEE FS";"Fluky FS";"Killua FS";"Apinya FS";"JohnOlsen FS";"Sephiroth CRT";"Kntz CRT";"maitee CRT";"niffy CRT";"Reality CRT"
"600";"yyy DYG";"LilCrazy DYG";"Guran DYG";"huNter DYG";"Mamba DYG";"Picasso KPG";"FZZZZZ KPG";"959y KPG";"Asaylo KPG";"HongVTellG KPG"
"601";"Riza KZ";"kimmy KZ";"Flaring KZ";"FirstLove KZ";"bryce KZ";"dzii T30";"benaf T30";"Brxndon T30";"shiba T30";"Retla T30"
"602";"Excali VLTG";"doma VLTG";"ec1s VLTG";"DEATHMAKER VLTG";"hellff VLTG";"Venka MLT";"Rio MLT";"KnightRider MLT";"BADlove MLT";"BadmaN MLT"
"603";"Zyppan NAVI";"Shao NAVI";"SUYGETSU NAVI";"cNed NAVI";"ANGE1 NAVI";"Turko BBL";"QutionerX BBL";"AsLanM4shadoW BBL";"Brave BBL";"SouhcNi BBL"
"604";"Derke FNC";"Leo FNC";"Boaster FNC";"Chronicle FNC";"Alfajer FNC";"Boo TH";"zeek TH";"AvovA TH";"Mixwell TH";"keloqz TH"
"605";"jacobin ODK";"Tisora ODK";"sw ODK";"bld ODK";"fznnn ODK";"guuih LBR";"tockers LBR";"Zanatsu LBR";"pepa LBR";"duhT LBR"
"606";"sonder SR.GC";"Lorri SR.GC";"KP SR.GC";"bENITA SR.GC";"flowerful SR.GC";"cal TDY";"pinecone TDY";"ashxtru TDY";"Requiem TDY";"Elab0rate TDY"
"607";"refinnej FaZe";"Emy FaZe";"di^ FaZe";"Maddie FaZe";"panini FaZe";"wavy ARI";"lunah ARI";"m1yu ARI";"Australis ARI";"angil ARI"
"608";"clawdia COL";"Karra COL";"L4CE COL";"Jazzyk1ns COL";"rayse COL";"miyara OVK";"oktina OVK";"Bahzar OVK";"Angel OVK";"ariel OVK"
"609";"dodonut CLG";"mle CLG";"itnothan CLG";"emluo CLG";"athxna CLG";"Nora MEOW";"wh0 MEOW";"Cece MEOW";"bri MEOW";"FAIRY MEOW"
"610";"keenc EG.GC";"PowerPixele EG.GC";"theia EG.GC";"Stefanie EG.GC";"showliana EG.GC";"SUPERKAT JNR";"jen JNR";"ciao JNR";"starriebun JNR";"Tastyy JNR"
"611";"katsumi XSET";"Bob XSET";"panday XSET";"bunnybee XSET";"rise XSET";"happy AK";"ketarys AK";"fawn AK";"kr1sP AK";"evv AK"
"612";"alexis V1";"sarahcat V1";"meL V1";"Noia V1";"florescent V1";"Her0 HF";"Julia HF";"LunaFox HF";"rayne HF";"bungee HF"
"613";"edith MSF";"Vernina MSF";"kxtieoh MSF";"Carlee MSF";"Slandy MSF";"Hannah TK";"kay TK";"rain TK";"EMUHLEET TK";"Ellie TK"
"614";"b4rtin 00";"xand 00";"shion 00";"artzin 00";"bezn1 00";"matheuzin TBK";"ryotzz TBK";"luk TBK";"chase TBK";"Brinks TBK"
"615";"Kelele iNv";"Lyy iNv";"brax iNv";"Artill iNv";"Miracle iNv";"LockM JJH";"YRSelect JJH";"Shr1mp JJH";"SiuFatBB JJH";"Fung3 JJH"
"616";"XiaoFei1 NWG";"cxyy NWG";"barricade NWG";"9st NWG";"happywei NWG";"XuAN 4AM";"Bing9z 4AM";"Ace 4AM";"Strawberrycc 4AM";"Sui 4AM"
"617";"Acerola LAZY";"nTK LAZY";"moefcute LAZY";"Akashi LAZY";"ducT LAZY";"Pxmihlog LOFI";"Milooo LOFI";"BánhMj LOFI";"XjuMại LOFI";"Laww LOFI"
"618";"exempt GZL";"Yuna GZL";"IKANA GZL";"Kalash GZL";"Matteo GZL";"norsin FC";"M1kE FC";"skrawl FC";"Fweshest FC";"eezy FC"
"619";"Hao KZ";"Libra KZ";"Strive KZ";"Zeno KZ";"Lucifer KZ";"PangH NoVa";"byAn NoVa";"JL NoVa";"OBONE NoVa";"o0o0o NoVa"
"620";"Kessariya UTT";"Kippo UTT";"BigFat69x UTT";"Land UTT";"KTSS UTT";"trinity AEEC";"jkuro AEEC";"MrCANI AEEC";"PPD AEEC";"Sing AEEC"
"621";"kongared MiTH";"AloNeFillz MiTH";"b3ta MiTH";"Kadoom MiTH";"PTC MiTH";"JAIGRAYRAY NKT";"Laz NKT";"qqGOD NKT";"real NKT";"SoCoolSoDa NKT"
"622";"Zauqk WHO";"MirzAA WHO";"Bonobo WHO";"gloom WHO";"VIZSLA WHO";"DRAGON 95x";"LEW 95x";"Minimise 95x";"rDeeW 95x";"WAT 95x"
"623";"Tempz X10";"RedKoh X10";"Egoist X10";"Vera X10";"wayne X10";"subbey TDK";"jeed TDK";"kael TDK";"aduka TDK";"FrostyZ TDK"
"624";"n1zzy FCY";"Hyzee FCY";"f1cio FCY";"gin FCY";"YESicaN FCY";"d0rf BAAM";"P1nA2k4 BAAM";"Layla BAAM";"Nhatthong2k BAAM";"BMV BAAM"
"625";"aNkAs GCS";"Kang GCS";"KeyNeS GCS";"YuKai GCS";"twistzz GCS";"XyuS ONE";"Rainy ONE";"W1nner ONE";"ChiaWei ONE";"YanLi ONE"
"626";"xZe XIA";"siraphop XIA";"LBY XIA";"aLerT XIA";"RoLEX XIA";"Kromex INFN";"pedio INFN";"Squenzer INFN";"BLAZT56 INFN";"KhanBigD INFN"
"627";"STYRON ENGM";"Divine ENGM";"FREY ENGM";"Xan ENGM";"artn ENGM";"wisa LVR";"Reverie LVR";"dumin LVR";"kayle LVR";"ExTreMisTz LVR"
"628";"Marzil LES";"sh1vy LES";"Rossi LES";"Cybell LES";"LuciA LES";"Kakarot MDL";"FOX MDL";"jEEE MDL";"tricky MDL";"DcRulz MDL"
"629";"Sayf TL";"nAts TL";"Jamppi TL";"soulcas TL";"Redgar TL";"ScreaM KC";"xms KC";"Nivera KC";"sh1n KC";"Newzera KC"
"630";"sheydos KOI";"koldamenta KOI";"trexx KOI";"starxo KOI";"Wolfen KOI";"nukkye GIA";"hoody GIA";"Cloud GIA";"rhyme GIA";"Fit1nho GIA"
"631";"xffero RRQ";"fl1pzjder RRQ";"2ge RRQ";"EJAY RRQ";"Lmemore RRQ";"Reita DFM";"takej DFM";"Suggest DFM";"xnfri DFM";"Anthem DFM"
"632";"YRSelect JJH";"LockM JJH";"SiuFatBB JJH";"Fung3 JJH";"Shr1mp JJH";"happywei NWG";"XiaoFei1 NWG";"9st NWG";"barricade NWG";"cxyy NWG"
"633";"xeta T1";"iNTRO T1";"Munchkin T1";"Sayaplayer T1";"Carpe T1";"f0rsakeN PRX";"something PRX";"d4v41 PRX";"mindfreak PRX";"Jinggg PRX"
"634";"Hao KZ";"Strive KZ";"Libra KZ";"Lucifer KZ";"Zeno KZ";"Chaob ME";"8luA ME";"FFs ME";"Pinklove ME";"Link ME"
"635";"kamo GTZ";"starkk GTZ";"k1zpawn GTZ";"RobbieBk GTZ";"OLIZERA GTZ";"Dext EGN";"fainz EGN";"silenttt EGN";"Phatt EGN";"al1en EGN"
"636";"luckeRRR NOM";"ShonP NOM";"Rave NOM";"Zik NOM";"YouBreak NOM";"Grmekista DIA";"PROFEK DIA";"paTiTek DIA";"Prti DIA";"runneR DIA"
"637";"furyan FTW";"symoN FTW";"Ptf0x FTW";"aztex FTW";"sww FTW";"zePiCzz IGW";"Minikid IGW";"HolyM0Ly IGW";"lekyy IGW";"Dolfo IGW"
"638";"Kwixy RN";"arbie RN";"hussaR RN";"Chadi RN";"ikke RN";"jas Z10";"xiTsha Z10";"qxv Z10";"nyczu Z10";"kenobi Z10"
"639";"amy ACE";"h6tedthemost ACE";"Lateu ACE";"jademwah ACE";"schnellÆ ACE";"Anva IWC.F";"Cassiex3 IWC.F";"flowia IWC.F";"Kleisy IWC.F";"Tajna IWC.F"
"640";"Danah FLC.V";"Ruzica FLC.V";"madv FLC.V";"Jem FLC.V";"Luj FLC.V";"B3AUTIFUL ALL.C";"Melzz ALL.C";"fluxxy ALL.C";"Joliinaa ALL.C";"6sonya ALL.C"
"641";"Lyda FUT.J";"Julis FUT.J";"Liyan FUT.J";"dati FUT.J";"River FUT.J";"LizA KPI.S";"lexa KPI.S";"Stacey KPI.S";"Julie KPI.S";"Jiex KPI.S"
"642";"Vania BBL.Q";"eva BBL.Q";"rayka BBL.Q";"alkyia BBL.Q";"Felipa BBL.Q";"Nelo KC.GC";"Mel KC.GC";"matr1x KC.GC";"Ninou KC.GC";"LiriLia KC.GC"
"643";"rodeN JL";"YAYAX JL";"Nayte JL";"SoOn JL";"MARCTYLINHO JL";"kAdavra MDR";"Goaster MDR";"AKUMAAAAA MDR";"HyP MDR";"thebigfiz MDR"
"644";"Fragger EX0";"rlz EX0";"Aqua EX0";"nasK EX0";"mochi EX0";"Akira PNT";"Sandro PNT";"tripsy PNT";"AndreSG PNT";"k4nzo PNT"
"645";"grubinho ANM";"snikk ANM";"Stix ANM";"xuss ANM";"Katu ANM";"musashi ACE";"ALIVE ACE";"Br0die ACE";"MONSTEERR ACE";"baddyG ACE"
"646";"Killu 3D";"Davidp 3D";"Ooriime 3D";"B1GGY 3D";"bRAAHH 3D";"Sevire WYL";"hype WYL";"MAGiK WYL";"hiro WYL";"FoxieGG WYL"
"647";"DeadInk GSE";"Docent GSE";"Padisah GSE";"Touven GSE";"MerSa GSE";"7ssk7 IWC";"XiSTOU IWC";"Toronto IWC";"braveaf IWC";"mini IWC"
"648";"Alan MCK";"Bgg MCK";"Z3RO MCK";"Byron MCK";"mass3R MCK";"Braso HMB";"KnightVoice HMB";"Lando HMB";"looM HMB";"denzo HMB"
"649";"DaviH SAW";"Fizzy SAW";"Bati SAW";"Addicted SAW";"tomaszy SAW";"VTaguT 14VK";"KenzmPs 14VK";"Ds 14VK";"twokey 14VK";"GrTw 14VK"
"650";"TakaS SBG";"beyAz SBG";"logaN SBG";"Wailers SBG";"nataNk SBG";"Babax ZER";"lux9 ZER";"DarkLight ZER";"Mercure ZER";"Veqaj ZER"
"651";"leaf C9";"jakee C9";"Zellsis C9";"runi C9";"Xeppaa C9";"tuyz LOUD";"aspas LOUD";"Less LOUD";"cauanzin LOUD";"saadhak LOUD"
"652";"SparkeR QLSH";"EduCoz QLSH";"rhagee QLSH";"LOMBA QLSH";"soRa QLSH";"wackie DSY";"Tag DSY";"caydeN DSY";"xazyy DSY";"feqew DSY"
"653";"Amilwa SLY";"memset SLY";"juseu SLY";"b2kk SLY";"elemeNt SLY";"Jakexd AKR";"10K AKR";"TiduS AKR";"OniBy AKR";"hrZXv3 AKR"
"654";"Anq OP";"Ivan4ezz OP";"Felox OP";"Musyka OP";"Nanogxn OP";"Limp AXL";"basya AXL";"RickyVaila AXL";"Pax AXL";"Reason AXL"
"655";"CyvOph VLNT";"Jesse VLNT";"LeeN VLNT";"Sacake VLNT";"NeskaaS VLNT";"MaximN BLX";"Slurpy BLX";"Monstrum BLX";"ri4d BLX";"q BLX"
"656";"kiNgg LEV";"Tacolilla LEV";"nzr LEV";"Shyy LEV";"Mazino LEV";"dgzin FUR";"Quick FUR";"Khalil FUR";"Mazin FUR";"mwzera FUR"
"657";"YRSelect JJH";"SiuFatBB JJH";"Shr1mp JJH";"Fung3 JJH";"LockM JJH";"Link ME";"8luA ME";"Chaob ME";"FFs ME";"Pinklove ME"
"658";"SugarZ3ro ZETA";"Dep ZETA";"Laz ZETA";"TENNN ZETA";"crow ZETA";"t3xture GES";"Bazzi GES";"Monyet GES";"AYRIN GES";"WRONSKI GES"
"659";"happywei NWG";"9st NWG";"barricade NWG";"XiaoFei1 NWG";"cxyy NWG";"Strive KZ";"Hao KZ";"Lucifer KZ";"Libra KZ";"Zeno KZ"
"660";"Sushiboys TLN";"foxz TLN";"Crws TLN";"Patt TLN";"JitBoyS TLN";"MaKo DRX";"BuZz DRX";"stax DRX";"Rb DRX";"Foxy9 DRX"
"661";"Best FB";"w0zzip FB";"m1tez FB";"sturNN FB";"Rosé FB";"Izzy SUP";"CyderX SUP";"sterben SUP";"Elite SUP";"Burzzy SUP"
"662";"Filu MOUZ";"iluri MOUZ";"Obnoks MOUZ";"al0rante MOUZ";"murii MOUZ";"Felix ATN";"xanarchy ATN";"bucher ATN";"Ambi ATN";"STAVINCI ATN"
"663";"hvoya RGE";"flabben RGE";"Deadly10 RGE";"Harshhh RGE";"Mast3r RGE";"azys OGS";"Antidote OGS";"RvK OGS";"tesseract OGS";"rawfiul OGS"
"664";"arbie RN";"hussaR RN";"ikke RN";"Kwixy RN";"Chadi RN";"xuss ANM";"snikk ANM";"grubinho ANM";"Stix ANM";"Katu ANM"
"665";"SoOn JL";"MARCTYLINHO JL";"rodeN JL";"YAYAX JL";"Nayte JL";"Monstrum BLX";"Slurpy BLX";"MaximN BLX";"ri4d BLX";"q BLX"
"666";"bRAAHH 3D";"Ooriime 3D";"Davidp 3D";"Killu 3D";"B1GGY 3D";"HyP MDR";"kAdavra MDR";"Goaster MDR";"AKUMAAAAA MDR";"thebigfiz MDR"
"667";"sociablEE FF";"Jlerst FF";"Wo0t FF";"yetujey FF";"jeyj7y FF";"RieNs S2G";"reazy S2G";"pAura S2G";"lurzy0y0 S2G";"russ S2G"
"668";"Cantzer EP";"MaFiN EP";"benjyfishy EP";"Minny EP";"alexiiik EP";"Br0die ACE";"baddyG ACE";"musashi ACE";"ALIVE ACE";"MONSTEERR ACE"
"669";"CyvOph VLNT";"Sacake VLNT";"NeskaaS VLNT";"Jesse VLNT";"LeeN VLNT";"Veqaj ZER";"Babax ZER";"lux9 ZER";"DarkLight ZER";"Mercure ZER"
"670";"Victor NRG";"s0m NRG";"ardiis NRG";"crashies NRG";"FNS NRG";"zekken SEN";"pANcada SEN";"Sacy SEN";"dephh SEN";"TenZ SEN"
"671";"eXampL GN";"KhA GN";"tsack GN";"TheoW GN";"fanboy GN";"Zik NOM";"YouBreak NOM";"Rave NOM";"ShonP NOM";"luckeRRR NOM"
"672";"TakaS SBG";"Wailers SBG";"beyAz SBG";"logaN SBG";"nataNk SBG";"TiduS AKR";"Jakexd AKR";"OniBy AKR";"hrZXv3 AKR";"10K AKR"
"673";"Kinguyen SLY";"juseu SLY";"b2kk SLY";"Amilwa SLY";"memset SLY";"hype WYL";"Sevire WYL";"MAGiK WYL";"FoxieGG WYL";"hiro WYL"
"674";"heat MIBR";"RgLMeister MIBR";"jzz MIBR";"frz MIBR";"murizzz MIBR";"DaveeyS KRÜ";"Melser KRÜ";"NagZ KRÜ";"Klaus KRÜ";"keznit KRÜ"
